Workbook

Sheet Özet
A1: BKA TUS · Farmakoloji — kart düzeltmeleri (önce / sonra)
A2: Kapsamdaki notların tamamı tek tek incelendi. Düzeltilen her not, değişikliğin en yüksek kritiklik düzeyine göre sıralanarak 'Değişiklikler' sayfasında önce/sonra biçiminde listelenir; tek tek düzeltmeler 'Değişiklik Kalemleri' sayfasındadır.
A4: Kapsam
A5: Kapsamdaki toplam not | B5: 669
A6: Önce/sonra listesindeki not | B6: =COUNTA('Değişiklikler'!N:N)-1 -> 667
A7: Yalnızca görünmez HTML temizliği yapılan not | B7: 1
A8: Değişiklik gerekmeyen not | B8: =B5-B6-B7 -> 1
A9: Toplam düzeltme kalemi | B9: =COUNTA('Değişiklik Kalemleri'!H:H)-1 -> 1766
A11: Kritiklik düzeyine göre not sayısı
A12: Düzey | B12: Not | C12: Pay | D12: Tanım
A13: Kritik | B13: =COUNTIF('Değişiklikler'!$B:$B,A13) -> 38 | C13: =IF($B$17=0,0,B13/$B$17) -> 0.056971514 | D13: Kart düzeltilmeden çalışılırsa yanlış bilgi öğretir; ya da güncelliğini yitirmiş, uygulanırsa zarar verebilecek bilgi içerir; ya da kart yapısal olarak bozuktur.
A14: Yüksek | B14: =COUNTIF('Değişiklikler'!$B:$B,A14) -> 174 | C14: =IF($B$17=0,0,B14/$B$17) -> 0.26086957 | D14: Anlamı değiştiren eksik niteleyici, sayısı tutmayan liste, ne sorulduğu belirsiz kök, yanlış okunabilecek kısaltma veya doğrulanması gereken şüpheli bilgi.
A15: Orta | B15: =COUNTIF('Değişiklikler'!$B:$B,A15) -> 374 | C15: =IF($B$17=0,0,B15/$B$17) -> 0.56071964 | D15: Anlamı değiştirmeyen terim/ilaç/eponim yazım hataları, kişisel kısaltmaların açılması, terminoloji güncellemesi ve dil bilgisi düzeltmeleri.
A16: Düşük | B16: =COUNTIF('Değişiklikler'!$B:$B,A16) -> 81 | C16: =IF($B$17=0,0,B16/$B$17) -> 0.12143928 | D16: Büyük/küçük harf, noktalama, ok ve ayraç standardı, boşluk ve gereksiz HTML temizliği.
A17: Toplam | B17: =SUM(B13:B16) -> 667 | C17: =SUM(C13:C16) -> 1
A19: Ders ve kritiklik dağılımı (not sayısı)
A20: Ders | B20: Kritik | C20: Yüksek | D20: Orta | E20: Düşük | F20: Toplam
A21: Farmakoloji | B21: =COUNTIFS('Değişiklikler'!$C:$C,$A21,'Değişiklikler'!$B:$B,B$20) -> 38 | C21: =COUNTIFS('Değişiklikler'!$C:$C,$A21,'Değişiklikler'!$B:$B,C$20) -> 174 | D21: =COUNTIFS('Değişiklikler'!$C:$C,$A21,'Değişiklikler'!$B:$B,D$20) -> 374 | E21: =COUNTIFS('Değişiklikler'!$C:$C,$A21,'Değişiklikler'!$B:$B,E$20) -> 81 | F21: =SUM(B21:E21) -> 667
A22: Toplam | B22: =SUM(B21:B21) -> 38 | C22: =SUM(C21:C21) -> 174 | D22: =SUM(D21:D21) -> 374 | E22: =SUM(E21:E21) -> 81 | F22: =SUM(F21:F21) -> 667
A24: Kategoriye göre düzeltme kalemi
A25: Kategori | B25: Kritik | C25: Yüksek | D25: Orta | E25: Düşük | F25: Toplam
A26: Tıbbi doğruluk | B26: =COUNTIFS('Değişiklik Kalemleri'!$C:$C,$A26,'Değişiklik Kalemleri'!$B:$B,B$25) -> 28 | C26: =COUNTIFS('Değişiklik Kalemleri'!$C:$C,$A26,'Değişiklik Kalemleri'!$B:$B,C$25) -> 53 | D26: =COUNTIFS('Değişiklik Kalemleri'!$C:$C,$A26,'Değişiklik Kalemleri'!$B:$B,D$25) -> 0 | E26: =COUNTIFS('Değişiklik Kalemleri'!$C:$C,$A26,'Değişiklik Kalemleri'!$B:$B,E$25) -> 0 | F26: =SUM(B26:E26) -> 81
A27: Güncellik | B27: =COUNTIFS('Değişiklik Kalemleri'!$C:$C,$A27,'Değişiklik Kalemleri'!$B:$B,B$25) -> 10 | C27: =COUNTIFS('Değişiklik Kalemleri'!$C:$C,$A27,'Değişiklik Kalemleri'!$B:$B,C$25) -> 51 | D27: =COUNTIFS('Değişiklik Kalemleri'!$C:$C,$A27,'Değişiklik Kalemleri'!$B:$B,D$25) -> 3 | E27: =COUNTIFS('Değişiklik Kalemleri'!$C:$C,$A27,'Değişiklik Kalemleri'!$B:$B,E$25) -> 0 | F27: =SUM(B27:E27) -> 64
A28: Eksik kritik bilgi | B28: =COUNTIFS('Değişiklik Kalemleri'!$C:$C,$A28,'Değişiklik Kalemleri'!$B:$B,B$25) -> 0 | C28: =COUNTIFS('Değişiklik Kalemleri'!$C:$C,$A28,'Değişiklik Kalemleri'!$B:$B,C$25) -> 64 | D28: =COUNTIFS('Değişiklik Kalemleri'!$C:$C,$A28,'Değişiklik Kalemleri'!$B:$B,D$25) -> 0 | E28: =COUNTIFS('Değişiklik Kalemleri'!$C:$C,$A28,'Değişiklik Kalemleri'!$B:$B,E$25) -> 0 | F28: =SUM(B28:E28) -> 64
A29: Soru netliği | B29: =COUNTIFS('Değişiklik Kalemleri'!$C:$C,$A29,'Değişiklik Kalemleri'!$B:$B,B$25) -> 0 | C29: =COUNTIFS('Değişiklik Kalemleri'!$C:$C,$A29,'Değişiklik Kalemleri'!$B:$B,C$25) -> 13 | D29: =COUNTIFS('Değişiklik Kalemleri'!$C:$C,$A29,'Değişiklik Kalemleri'!$B:$B,D$25) -> 41 | E29: =COUNTIFS('Değişiklik Kalemleri'!$C:$C,$A29,'Değişiklik Kalemleri'!$B:$B,E$25) -> 0 | F29: =SUM(B29:E29) -> 54
A30: Doğrulama gerekli | B30: =COUNTIFS('Değişiklik Kalemleri'!$C:$C,$A30,'Değişiklik Kalemleri'!$B:$B,B$25) -> 0 | C30: =COUNTIFS('Değişiklik Kalemleri'!$C:$C,$A30,'Değişiklik Kalemleri'!$B:$B,C$25) -> 0 | D30: =COUNTIFS('Değişiklik Kalemleri'!$C:$C,$A30,'Değişiklik Kalemleri'!$B:$B,D$25) -> 0 | E30: =COUNTIFS('Değişiklik Kalemleri'!$C:$C,$A30,'Değişiklik Kalemleri'!$B:$B,E$25) -> 0 | F30: =SUM(B30:E30) -> 0
A31: Yapısal | B31: =COUNTIFS('Değişiklik Kalemleri'!$C:$C,$A31,'Değişiklik Kalemleri'!$B:$B,B$25) -> 0 | C31: =COUNTIFS('Değişiklik Kalemleri'!$C:$C,$A31,'Değişiklik Kalemleri'!$B:$B,C$25) -> 14 | D31: =COUNTIFS('Değişiklik Kalemleri'!$C:$C,$A31,'Değişiklik Kalemleri'!$B:$B,D$25) -> 0 | E31: =COUNTIFS('Değişiklik Kalemleri'!$C:$C,$A31,'Değişiklik Kalemleri'!$B:$B,E$25) -> 0 | F31: =SUM(B31:E31) -> 14
A32: Terim/yazım | B32: =COUNTIFS('Değişiklik Kalemleri'!$C:$C,$A32,'Değişiklik Kalemleri'!$B:$B,B$25) -> 0 | C32: =COUNTIFS('Değişiklik Kalemleri'!$C:$C,$A32,'Değişiklik Kalemleri'!$B:$B,C$25) -> 1 | D32: =COUNTIFS('Değişiklik Kalemleri'!$C:$C,$A32,'Değişiklik Kalemleri'!$B:$B,D$25) -> 226 | E32: =COUNTIFS('Değişiklik Kalemleri'!$C:$C,$A32,'Değişiklik Kalemleri'!$B:$B,E$25) -> 50 | F32: =SUM(B32:E32) -> 277
A33: Kısaltma | B33: =COUNTIFS('Değişiklik Kalemleri'!$C:$C,$A33,'Değişiklik Kalemleri'!$B:$B,B$25) -> 0 | C33: =COUNTIFS('Değişiklik Kalemleri'!$C:$C,$A33,'Değişiklik Kalemleri'!$B:$B,C$25) -> 6 | D33: =COUNTIFS('Değişiklik Kalemleri'!$C:$C,$A33,'Değişiklik Kalemleri'!$B:$B,D$25) -> 486 | E33: =COUNTIFS('Değişiklik Kalemleri'!$C:$C,$A33,'Değişiklik Kalemleri'!$B:$B,E$25) -> 0 | F33: =SUM(B33:E33) -> 492
A34: Dil bilgisi | B34: =COUNTIFS('Değişiklik Kalemleri'!$C:$C,$A34,'Değişiklik Kalemleri'!$B:$B,B$25) -> 0 | C34: =COUNTIFS('Değişiklik Kalemleri'!$C:$C,$A34,'Değişiklik Kalemleri'!$B:$B,C$25) -> 0 | D34: =COUNTIFS('Değişiklik Kalemleri'!$C:$C,$A34,'Değişiklik Kalemleri'!$B:$B,D$25) -> 4 | E34: =COUNTIFS('Değişiklik Kalemleri'!$C:$C,$A34,'Değişiklik Kalemleri'!$B:$B,E$25) -> 68 | F34: =SUM(B34:E34) -> 72
A35: Biçim | B35: =COUNTIFS('Değişiklik Kalemleri'!$C:$C,$A35,'Değişiklik Kalemleri'!$B:$B,B$25) -> 0 | C35: =COUNTIFS('Değişiklik Kalemleri'!$C:$C,$A35,'Değişiklik Kalemleri'!$B:$B,C$25) -> 0 | D35: =COUNTIFS('Değişiklik Kalemleri'!$C:$C,$A35,'Değişiklik Kalemleri'!$B:$B,D$25) -> 0 | E35: =COUNTIFS('Değişiklik Kalemleri'!$C:$C,$A35,'Değişiklik Kalemleri'!$B:$B,E$25) -> 644 | F35: =SUM(B35:E35) -> 644
A36: Toplam | B36: =SUM(B26:B35) -> 38 | C36: =SUM(C26:C35) -> 202 | D36: =SUM(D26:D35) -> 760 | E36: =SUM(E26:E35) -> 762 | F36: =SUM(F26:F35) -> 1762
A38: Nasıl okunur
A39: • Önce sütunu özgün içeriği, Sonra sütunu güncel kart alanlarını gösterir. Önceki değişikliklerin renkli gösterimi korunmuştur; son yayın takibinde ilgili Sonra hücreleri tam güncel metinle yenilenmiştir.
A40: • {{c1::…}} işaretleri kartın boşluk doldurma (cloze) alanlarıdır. Hiçbir notta cloze numarası eklenmedi veya silinmedi; bu nedenle kart kimlikleri ve kullanıcıların çalışma geçmişi korunur. Cevap sızıntısını gidermek için bir satırın başka karta taşındığı notlar 'Yapısal' kalemi olarak ayrıca belirtilmiştir.
A41: • Görseller, renkler ve kodlamalar (akrostişler) korunmuştur; hiçbir not silinmedi, yeni not eklenmedi.
A42: • 'AI notu (ne · neden · nasıl)' sütunu her not için neyin değiştiğini, nedenini ve nasıl yapıldığını (kural kodlarıyla) anlatır. 'AI Rehberi' sayfası, bu çalışma kitabının başka derslerin kartları düzeltilirken şablon olarak nasıl kullanılacağını açıklar.
A43: • 'Karar' sütunu editörün kararına ayrılmıştır. Mevcut revizyonlar ve 09.10.2026 son yayın odak düzeltmeleri katalog paketine aktarılmıştır; boş karar hücresi tek başına tıbbi onay veya açık hata sayılmaz.
A44: • Kısaltmaların nasıl ele alındığı 'Kısaltma Sözlüğü' sayfasındadır. Aynı terim her kartta tek biçimde yazılır; seçilen yazımlar 'Yazım Birliği' sayfasındadır.
A45: • 'Sorulacaklar (Önce - Sonra)' sayfası: Kullanıcı / editör teyidi ve kararı gerektiren tüm maddeler (Farmakoloji'de 37 madde, Pediatri'de 40, Genel Cerrahi'de 27, Dahiliye'de 20, Kadın Doğum'da 17 ve Küçük Stajlar'da 14 madde olmak üzere toplam 155 madde) önce/sonra karşılaştırması, kırmızı çizili/yeşil kalın fark vurguları, klinik gerekçesi, editör tavsiyesi ve karar sütunuyla bu sayfada derlenmiştir.

Sheet Sorulacaklar (Önce - Sonra)
A1: Sıra | B1: Kritiklik | C1: Ders | D1: Konu | E1: Sorulacak Konu / Tıbbi Çelişki | F1: Önce | G1: Sonra (Önerilen / Mevcut) | H1: Tıbbi Gerekçe ve Sorulma Nedeni | I1: Önerilen Karar / Editör Tavsiyesi | J1: Kullanıcı Kararı | K1: Kullanıcı Notu | L1: Not ID
A2: 1 | B2: Kritik | C2: Farmakoloji | D2: Antimikrobiyal İlaçlar | E2: İNH hepatotoksisitesi: Klasik TUS asetilhidrazin kuralı vs güncel NAT2 genotip kanıtı | F2: Metin Metin INH Hızlı Asetilleyen --> {{c1::Toksik met artar ---> Hepatit}} Yavaş Asetilleyen --> {{c1::İNH artar --> B6 azalır ---> Per. Nöropati }} Ek bilgi (arka yüz) — Ek bilgi (arka yüz) — | G2: Metin İzoniazid (İNH) ve NAT2 asetilleyici fenotipi: Hızlı asetilleyen → İNH klirensi {{c1::daha yüksek}} Yavaş asetilleyen → İNH maruziyeti {{c1::daha yüksek}}; hepatotoksisite riski {{c1::daha yüksek bulunmuştur}} İNH ile B6 azalması → {{c1::periferik nöropati}} riski Ek bilgi (arka yüz) Hızlı asetilleyen → hepatit eşlemesi, eski asetilhidrazin metabolit şemasıdır; güncel klinik risk sınıflaması olarak kullanılmaz. NAT2 yavaş asetilleyici fenotipi çalışmalarda daha yüksek hepatotoksisite riskiyle ilişkilidir; risk ilaç rejimi ve diğer hasta özelliklerinden de etkilenir. | H2: Klinik hepatotoksisite riskini ters öğreten eski metabolit eşlemesi, NAT2 maruziyet/risk ilişkisiyle değiştirildi. Kaynak: https://pubmed.ncbi.nlm.nih.gov/39727196/ https://pubmed.ncbi.nlm.nih.gov/3691615/ | I2: 09.10.2026: bu odak düzeltmesi pakete uygulandı. Diğer iddialara toplu tıbbi onay verilmedi. | L2: 1604660471791
A3: 2 | B3: Kritik | C3: Farmakoloji | D3: Antineoplastik İlaçlar | E3: İrinotekan hücre siklusu faz spesifitesi: S fazı spesifik ilaçtır | F3: KT - Etki Ettiği Hc Siklus Dönemleri: G1: {{c3::L-Asp }} G1-S: {{c3::Etoposid}} G2-M: {{c1::Bleomisin}} - {{c1::İrinotekan}} M: {{c2::Vinkristin}} - {{c2::Vinblastin}} - {{c4::Paklitaksel}} - {{c4::Dosetaksel}} - Eribulin - İksabepilon | G3: Metin Kemoterapi ilaçlarının etki ettiği hücre siklusu dönemleri: G1: {{c3::L-asparaginaz}} S/G2: {{c3::etoposid}} S: {{c1::irinotekan}} G2-M: {{c1::bleomisin}} M: {{c2::vinkristin}}, {{c2::vinblastin}}, {{c4::paklitaksel}}, {{c4::dosetaksel}}, eribulin, iksabepilon Ek bilgi (arka yüz) İrinotekan S fazına özgüdür; etoposid başlıca S ve G2 fazlarında etkilidir. İlaçların faz ağırlıkları tek bir geçiş noktasında etkili oldukları anlamına gelmez. | H3: İrinotekan yanlış G2–M satırından S fazına taşındı; aynı tabloda etoposidin G1–S eşlemesi S/G2 olarak düzeltildi. c1–c4 ve diğer ilaçlar korundu. Kaynak: https://www.cancer.gov/publications/dictionaries/cancer-drug/def/irinotecan-hydrochloride https://www.cancer.gov/publications/dictionaries/cancer-drug/def/etoposide https://pubmed.ncbi.nlm.nih.gov/7947097/ | I3: 09.10.2026: bu odak düzeltmesi pakete uygulandı. Diğer iddialara toplu tıbbi onay verilmedi. | L3: 1624188510902
A4: 3 | B4: Kritik | C4: Farmakoloji | D4: Dermatolojik / İnflamatuvar İlaçlar | E4: Krisaborol vs Apremilast: Atopik dermatitte topikal PDE4 inhibitörü | F4: Atopik Dermatit TDV PDE4 inh (IL -23 baskılar) --> {{c1::Apremilast}} IL-4 / 13 baskılayan ---> {{c1::Dupilumab}} | G4: Hafif-orta atopik dermatit tedavisinde topikal olarak kullanılan fosfodiesteraz-4 (PDE4) inhibitörü: {{c1::Krisaborol}} (Apremilast ise psöriyazis ve psöriyatik artritte oral kullanılan PDE4 inhibitörüdür). | H4: Krisaborol, atopik dermatit tedavisinde kullanılan topikal bir PDE4 (fosfodiesteraz-4) inhibitörüdür. Apremilast ise psöriyazis ve psöriyatik artritte oral yoldan kullanılan bir PDE4 inhibitörüdür. Kartta atopik dermatitte oral ajanlarla ve IL-23 ile karışıklık mevcuttur. | I4: Krisaborolün 'atopik dermatit tedavisinde kullanılan topikal PDE4 inhibitörü' olduğu netleştirilmeli, oral apremilasttan ayrılmalıdır. | L4: 1604757853167
A5: 4 | B5: Kritik | C5: Farmakoloji | D5: Endokrin ve Metabolizma İlaçları | E5: GLP-1 agonistleri kontrendikasyonları (GFR < 30 kısıtlaması) | F5: Metin Metin GLP-1 Agonistleri KEND {{c1::GFR}} < 30 {{c1::Tiroit Medüller}} Ca Ek bilgi (arka yüz) — Ek bilgi (arka yüz) — | G5: Metin GLP-1 agonistlerinin kontrendikasyonları: {{c1::GFR < 30 mL/dk}} (özellikle eksenatid) {{c1::Medüller tiroit}} kanseri (kişisel veya ailesel öykü), MEN2 Ek bilgi (arka yüz) Liraglutid, dulaglutid ve semaglutidde böbrek yetmezliğinde doz ayarı gerekmez; eski kaynaklarda GFR < 30 mL/dk tüm grup için kontrendikasyon olarak genellenmiştir. | H5: Eski TUS spotlarında tüm GLP-1 agonistleri için GFR < 30 kontrendike olarak verilir; ancak bu kısıtlama özellikle eksenatid için geçerlidir. Liraglutid, dulaglutid ve semaglutidde böbrek yetmezliğinde doz ayarı gerekmez. Medüller tiroit kanseri (kişisel/ailesel öykü) ve MEN2 ise mutlak kontrendikasyondur. | I5: GFR < 30 kısıtlamasının eksenatide özgü olduğu ve medüller tiroit kanseri / MEN2 kontrendikasyonu netleştirilmelidir. | L5: 1604680392251
A6: 5 | B6: Kritik | C6: Farmakoloji | D6: Genel Farmakoloji ve Toksikoloji | E6: Tamoksifen ve Klopidogrel metabolizması: CYP2D6 vs CYP2C19 ayrımı | F6: Metin {{c1::CYP2C19}} ---> Tamoksifen ve Klopidogrel Hızlı çalışırsa ---> etkinlikleri {{c1::ARTAR}} Ek bilgi (arka yüz) İkisi de ön ilaç | G6: Metin Ön ilaç aktivasyonu: Tamoksifen: N-desmetiltamoksifen → endoksifen dönüşümündeki temel enzim {{c1::CYP2D6}}. Klopidogrel: aktif metabolit oluşumunda başlıca enzim {{c1::CYP2C19}}; bu enzimin işlevi azaldığında antiplatelet etki {{c1::azalır}}. Ek bilgi (arka yüz) Tamoksifen metabolizmasına CYP2C19 dahil birden çok enzim katılır; endoksifen oluşumunda CYP2D6 temel rol oynar. Enzim aktivitesinden her iki ilaç için koşulsuz klinik etkinlik artışı çıkarılamaz. Tamoksifende metabolit düzeyi ile klinik sonlanım aynı ölçüt değildir. | H6: Ortak CYP2C19 ve kesin etkinlik artışı cevabı yerine iki ilacın aktivasyon enzimleri ayrıldı; farmakokinetik ilişki klinik etkinlikle karıştırılmadı. Kaynak: https://dailymed.nlm.nih.gov/dailymed/drugInfo.cfm?setid=1e6ff055-590c-41e6-9530-1fdf04cdbd02 https://dailymed.nlm.nih.gov/dailymed/lookup.cfm?setid=de8b0b67-eb25-4684-83b5-7ad785314227 | I6: 09.10.2026: bu odak düzeltmesi pakete uygulandı. Diğer iddialara toplu tıbbi onay verilmedi. | L6: 1604660192048
A7: 6 | B7: Kritik | C7: Farmakoloji | D7: Santral Sinir Sistemi İlaçları | E7: Pargilin selektivitesi: MAO-B selektif değil, non-selektif irreversibl MAO inhibitörüdür | F7: Metin MAO İnh'leri: Non-Selektif İnh: {{c1::Tranilsipromin}} - {{c1::Pargilin}} - {{c2::İsokarboksazid}} - {{c2::Fenelzin}} MAO-A İnh: {{c3::Moklobemid}} - Brofaramin - Pirlindol MAO-B İnh: {{c3::Selejilin}} - {{c3::Rasajilin}} Ek bilgi (arka yüz) MAO-B önemli | G7: Selektif MAO-B inhibitörleri: İrreversibl: {{c1::Selegilin}}, {{c1::rasajilin}} Reversibl: {{c1::Safinamid}} (Pargilin non-selektif MAO inhibitörüdür). | H7: Pargilin klasik olarak non-selektif irreversibl bir MAO inhibitörüdür (eski antihipertansif). MAO-B selektif irreversibl inhibitör selegilin ve rasajilindir; safinamid ise reversibl MAO-B inhibitörüdür. Pargilinin MAO-B selektif olarak kodlanması tıbbi hatadır. | I7: Pargilin MAO-B listesinden çıkarılmalı veya non-selektif MAO inhibitörleri arasına alınmalıdır; MAO-B selektif olarak selegilin ve rasajilin korunmalıdır. | L7: 1624171626287
A8: 7 | B8: Kritik | C8: Dahiliye | D8: Genel | E8: "Serum karoten: normal" ve "D-ksiloz: normal" satırları içerik değiştirilmeden işaretlendi | F8: Metin İBBAÇ: Serum Karoten ölçümü: {{c1::NORMAL}} D-Xyloz: {{c1::NORMAL}} Ek bilgi (arka yüz) ÇÜNKÜ: İntestinal Yüzeyin EMİLİM Fonk'u NORMAL | G8: Metin İnce bağırsakta bakteriyel aşırı çoğalma: Serum karoten ölçümü: {{c1::normal}} D-ksiloz: {{c1::normal}} Ek bilgi (arka yüz) Çünkü: İntestinal yüzeyin emilim fonksiyonu normaldir | H8: Bakteriyel aşırı çoğalmada safra asitlerinin dekonjugasyonu yağ ve yağda eriyen madde emilimini bozar; bu nedenle serum karotenin düşük bulunması beklenir. Merck kaynağına göre bakteriler pentozu metabolize ettiği için D-ksiloz testi de anormal çıkabilir. Kartın iki "normal" cevabı bu bilgiyle çelişiyor; dayanılan TUS kaynağı ve Harrison malabsorpsiyon tablosuyla karşılaştırılmalı. | I8: İBBAÇ'ta (SIBO) yağ malabsorpsiyonuna bağlı serum karoten düşer; D-ksiloz testi de bozulabilir. Harrison doğrultusunda kök/cevap netleştirilmelidir. | L8: 1619721875288
A9: 8 | B9: Kritik | C9: Genel Cerrahi | D9: Genel | E9: Barrett özofagusunun laparoskopik RYGB için göreceli kontrendikasyon olduğu bilgisi içerik değiştirilmeden işaretlendi | F9: Laparos. Roux en Y göreceli KEND'ları --> {{c1::DEA}} - {{c1::Barret}} Özo | G9: Laparoskopik Roux-en-Y gastrik bypassın göreceli kontrendikasyonları → {{c1::demir eksikliği anemisi}}, {{c1::Barrett}} özofagusu | H9: Güncel bariatrik literatürde Barrett özofagusu sleeve gastrektomi için göreceli kontrendikasyondur; RYGB ise reflüyü azalttığı için Barrett'lı obez hastada tercih edilen ameliyattır ve çalışmalarda hastaların önemli bir kısmında RYGB sonrası Barrett'ın gerilediği bildirilir. Kartın Barrett'ı RYGB kontrendikasyonu sayan kaynağı doğrulanamadı; sleeve gastrektomiyle karıştırılmış olabilir. | I9: RYGB reflüyü azalttığı için Barrett'ta tercih edilen yöntemdir; sleeve gastrektomi rölatif kontrendikedir. İki cerrahinin yer değiştirmesi önerilir. | L9: 1605467478120
A10: 9 | B10: Kritik | C10: Kadın Doğum | D10: Genel | E10: "15 hafta sonra β-hCG yüksekse kemoterapi" ifadesi içerik değiştirilmeden işaretlendi | F10: Molde, uterusun boşaltılmasından {{c1::15}} hafta sonra bhCG yüksekse hâlâ --> {{c1::KT}} verilir | G10: Molar gebelikte uterusun boşaltılmasından {{c1::15}} hafta sonra β-hCG hâlâ yüksekse {{c1::kemoterapi}} verilir | H10: FIGO'nun postmolar gestasyonel trofoblastik neoplazi tanı ölçütleri bir hafta eşiği içermez: en az 3 hafta boyunca 4 ölçümde plato, en az 2 hafta boyunca 3 ardışık ölçümde artış veya histolojik koryokarsinom. Eski ölçütlerdeki "boşaltımdan 6 ay sonra saptanabilir hCG" ölçütü de güncel FIGO raporunda kaldırılmış, düşmekte olan hCG'nin izlenebileceği belirtilmiştir. Taranan kaynaklarda 15. haftada hâlâ yüksek hCG'nin tek başına kemoterapi endikasyonu olduğu bulunamadı; kart gereksiz kemoterapi öğretebilir. Eşik yazarın kaynağından doğrulanmalı. | I10: FIGO postmolar GTN kriterlerinde 15. hafta kuralı yer almaz (plato veya yükselme aranır). Güncel FIGO kriterleri eklenmelidir. | L10: 1608553896302
A11: 10 | B11: Yüksek | C11: Farmakoloji | D11: Antimikrobiyal İlaçlar | E11: Ön ilaç antibiyotikler listesi: İzoniazid eksikliği | F11: Metin Ön İlaç ABler (3) --> {{c1::Metronidazol - Kloramfenikol - Pirazinamid }} Ek bilgi (arka yüz) — | G11: Ön ilaç (prodrug) yapısındaki klasik antimikrobiyal ilaçlar: 1) Mikobakteriyel KatG enzimiyle aktive olan: {{c1::İzoniazid (İNH)}} 2) Parenteral form için süksinat tuzu kullanılan: {{c1::Kloramfenikol süksinat}} 3) Proguanil (aktif şekli: sikloguanil) | H11: Kloramfenikol süksinat veya palmitat suda çözünürlüğü ve tadı ayarlamak için kullanılan ön ilaç formlarıdır. Ancak antimikrobiyal farmakolojisinde en klasik ön ilaç mikobakteriyel KatG enzimiyle aktive olan izoniaziddir (İNH). Kartta izoniazidin bulunmaması eksikliktir. | I11: Ön ilaç antibiyotikler listesine bakteriyel KatG katalaz-peroksidaz enzimiyle aktif formuna dönüşen İzoniazid (İNH) eklenmelidir. | L11: 1604751532610
A12: 11 | B12: Yüksek | C12: Farmakoloji | D12: Antimikrobiyal İlaçlar | E12: Flukloksasilin ve Abakavir: HLA-B*5701 aşırı duyarlılık cloze maskelemesi | F12: HLA - Toks Abakavir Deri Toks: HLA B{{c1::57:01}} Allopürinol Deri Tok: HLA B{{c1::58:01}} KMP Deri Toks: HLA B{{c2::15:02}} Amok Klav KC Toks: HLA DRB1-5 DQB1 Fluoksasilin KC Toks: HLA {{c2::B*57:01}} | G12: HLA-B*5701 ile ilişkili advers ilaç reaksiyonları: 1) Ağır sistemik hipersensitivite sendromu: {{c1::Abakavir}} 2) İlaca bağlı kolestatik karaciğer hasarı: {{c1::Flukloksasilin}} | H12: HLA-B*5701 alleli ile ilişkili iki klasik ilaç abakavir (ağır hipersensitivite) ve flukloksasilindir (kolestatik hepatit). Özgün kartta flukloksasilin ve abakavir farklı cloze numaralarında maskelenirken birbirinin cevabını sızdırmaktaydı. | I12: Her iki ilacın klinik tablosu (Abakavir: sistemik hipersensitivite; Flukloksasilin: ilaca bağlı kolestatik karaciğer hasarı) ayrı satırlarda netleştirilerek maskelenmelidir. | L12: 1621973964873
A13: 12 | B13: Yüksek | C13: Farmakoloji | D13: Antimikrobiyal İlaçlar | E13: Klorokin dirençli P. falciparum profilaksisi: Başlıktaki cloze maskesi soruyu gizliyor | F13: Klorokin Dirençli P. falc Pfx: {{c1::Meflokin}} {{c1::Doks}} {{c1::Atovokon + Proguanil}} Akut Vivax Atağında Oral kullanılan ama EkzoEritrositer formları eradike etmeyen ilaç: {{c1::Klorokin}} | G13: Klorokin dirençli P. falciparum profilaksisinde kullanılan ilaçlar: 1) {{c1::Meflokin}} 2) {{c1::Atovakuon + proguanil}} 3) {{c1::Doksisiklin}} | H13: Özgün kartta kökte {{c1::Klorokin}} maskelenmiş olduğundan, soru ilk açıldığında hangi ilaca karşı dirençli sıtma profilaksisinin sorulduğu anlaşılamamakta, gereksiz kafa karışıklığı yaratmaktadır. İlaç direnci başlıkta açıkça belirtilmeli, asıl sorulan profilaksi ilaçları (Meflokin, Atovakuon-proguanil, Doksisiklin) maskelenmelidir. | I13: Başlıktaki cloze maskesi kaldırılmalı ('Klorokin dirençli P. falciparum profilaksisi:'), cevap seçenekleri maskelenerek soru netleştirilmelidir. | L13: 1626519693103
... A156: 155 | B156: Orta | C156: Farmakoloji | D156: Santral Sinir Sistemi İlaçları | E156: Ön ilaç benzodiazepinler: 'Tek ilaç klorazepat' ifadesi | F156: BDZ'lerden alındığı anda inaktif olan tek ilaç --> {{c1::Klorozapat}} | G156: Midede hidroliz ve dekarboksilasyonla aktif metaboliti desmetildiazepama (nordazepam) dönüşen ön ilaç benzodiazepin: {{c1::Klorazepat}} (Prazepam da benzer şekilde ön ilaç yapısındadır). | H156: Klorazepat midede dekarboksillenerek nordazepam'a (desmetildiazepam) dönüşen bir ön ilaçtır. Ancak prazepam da aktif metabolitine dönüşen bir ön ilaçtır. 'Tek ön ilaç klorazepattır' ifadesi mutlaklaştırıcıdır. | I156: 'Ön ilaç benzodiazepin örneği: Klorazepat (ve prazepam)' şeklinde düzeltilmelidir. | L156: 1604732974650

Sheet AI Rehberi
A1: AI Rehberi — kart düzeltme şablonu
A2: Bu çalışma kitabı, bir öğrencinin kendi çalışması için tuttuğu TUS kartlarının (Anki notları) profesyonel, herkesin anlayacağı ve TUS ile uyumlu kartlara nasıl dönüştürüldüğünü baştan sona gösteren bir örnektir. Başka bir dersin kartlarını düzeltecek yapay zekâ modeli bu sayfayı sözleşme; 'Değişiklikler' sayfasındaki Önce, Sonra, Yapılan değişiklikler, Gerekçe ve AI notu sütunlarını ise çalışılmış örnek olarak kullanır.
A4: 1. Girdi ve çıktı
A5: • Girdi: Anki notları. Boşluk doldurma (cloze) notlarında 'Metin' ve 'Ek bilgi (arka yüz)', klasik notlarda 'Soru' ve 'Cevap' alanı vardır. Alanlar ham HTML'dir; {{c1::…}} işaretinin her numarası ayrı bir karttır.
A6: • Çıktı: değişen her not için alanların tam yeni metni; kritiklik düzeyi ve kategorisiyle değişiklik kalemleri; Kritik ve Yüksek kalemler için gerekçe ve AI notu. Uygulanabilir düzeltmeler ayrıca .patch.json dosyasındadır.
A7: • Değişiklikler, editör 'Karar' sütununda Kabul seçmeden pakete uygulanmaz.
A9: 2. Önerilen iş akışı
A10: 1. Düzenleme: her not tek tek okunur ve öncelik sırasına göre düzeltilir; her değişiklik bir kalem olarak kaydedilir.
A11: 2. Tıbbi doğrulama: Kritik ve Yüksek düzeyli her değişiklik, düzenleyiciden bağımsız ikinci bir gözle kaynaklara karşı kontrol edilir.
A12: 3. Yazım birliği: kart metinleri, kalemler ve gerekçeler yazım, dil bilgisi ve terim tutarlılığı için okunur; ders genelinde tek yazım tablosu uygulanır ('Yazım Birliği' sayfası).
A13: 4. Son okuma: bütün kartlar güncel kaynaklarla yeniden okunur, kalan şüpheler araştırılarak kapatılır, kişisel not dili kaldırılır ve her nota AI notu yazılır.
A14: 5. Teslim: kritikliğe göre sıralı önce/sonra çalışma kitabı ve uygulanabilir düzeltme dosyası.
... A34: 5. Kritiklik düzeyleri
A35: Düzey | B35: Ne zaman kullanılır | C35: İzin verilen kategoriler
A36: Kritik | B36: Kart düzeltilmeden çalışılırsa yanlış bilgi öğretir; ya da güncelliğini yitirmiş, uygulanırsa zarar verebilecek bilgi içerir; ya da kart yapısal olarak bozuktur. | C36: Tıbbi doğruluk, Güncellik, Eksik kritik bilgi, Doğrulama gerekli, Yapısal
A37: Yüksek | B37: Anlamı değiştiren eksik niteleyici, sayısı tutmayan liste, ne sorulduğu belirsiz kök, yanlış okunabilecek kısaltma veya doğrulanması gereken şüpheli bilgi. | C37: Tıbbi doğruluk, Güncellik, Eksik kritik bilgi, Soru netliği, Doğrulama gerekli, Yapısal, Terim/yazım, Kısaltma
A38: Orta | B38: Anlamı değiştirmeyen terim/ilaç/eponim yazım hataları, kişisel kısaltmaların açılması, terminoloji güncellemesi ve dil bilgisi düzeltmeleri. | C38: Güncellik, Soru netliği, Yapısal, Terim/yazım, Kısaltma, Dil bilgisi
A39: Düşük | B39: Büyük/küçük harf, noktalama, ok ve ayraç standardı, boşluk ve gereksiz HTML temizliği. | C39: Yapısal, Terim/yazım, Dil bilgisi, Biçim
A41: 6. Kural kodları (AI notlarının 'Nasıl' satırında kullanılır)
A42: Kod | B42: Kural | C42: Örnek satır ('Değişiklikler')
A43: YP1 | B43: Cloze numaraları sabit: numara eklenmez, silinmez, birleştirilmez; yalnız içerik düzeltilir | C43: Sıra 1 · Not ID 1626880744237
A44: YP2 | B44: Cevap sızıntısı giderilir | C44: Sıra 44 · Not ID 1626519693103
A45: YP3 | B45: Görsel, ses, renk ve kodlama (akrostiş) harfleri korunur | C45: Sıra 218 · Not ID 1604751290928
A46: YP4 | B46: Teknik temizlik: geçerli HTML, → oku, &nbsp; ve boş satır artıkları | C46: Sıra 452 · Not ID 1628885915273
A47: TD1 | B47: Yanlış tıbbi bilgi kaynağa dayanarak düzeltilir | C47: Sıra 1 · Not ID 1626880744237
A48: TD2 | B48: Klasik TUS bilgisi güncel kaynakla çelişirse TUS'un beklediği cevap "klasik" diye çerçevelenerek korunur ve güncel bilgi Extra'da verilir; klasik bilgi artık savunulmuyorsa güncel bilgi öğretilir, eski biçim Extra'da anılır | C48: Sıra 5 · Not ID 1604665702981
A49: TD3 | B49: Şüphe araştırıldı, bilgi doğru bulundu ve korundu | C49: Sıra 170 · Not ID 1604674704666
A50: GN1 | B50: Piyasadan çekilen, kısıtlanan veya onay almamış ilaç güncel seçenek gibi sunulmaz | C50: Sıra 2 · Not ID 1630501532743
A51: GN2 | B51: Güncel ad yazılır, TUS'ta kullanılan eski ad veya eponim korunur | C51: Sıra 262 · Not ID 1604664053617
A52: EK1 | B52: İfadeyi doğru kılan eksik niteleyici eklenir (doz, "en sık", "ilk tercih", "tek başına değil") | C52: Sıra 39 · Not ID 1604750468970
A53: EK2 | B53: Liste ve sayı tutarlılığı: sayı listeyle örtüşür, tanımlayıcı eksik üye eklenir | C53: Sıra 41 · Not ID 1604752207302
... A62: BÇ1 | B62: Biçim: büyük/küçük harf, liste ayracı, sayı ve birim yazımı | C62: Sıra 364 · Not ID 1604757145079
A64: 7. TUS uyumu ve kaynaklar
A65: • Kaynak sırası: (1) TUS sorularının dayandığı ders kitaplarının güncel baskıları (Katzung, Goodman & Gilman, Kayaalp, Lippincott, Rang & Dale); (2) düzenleyici kurum bilgileri (FDA, EMA, TİTCK); (3) güncel kılavuzlar; (4) tartışmalı mekanizmalar için NCBI Bookshelf ve PubMed. TUS hazırlık kitapları hangi sürümün beklendiğini gösterir; ilk üç kaynağı geçersiz kılmaz.
A66: • Kart, ÖSYM'nin doğru kabul edeceği bilgiyi öğretir ve tıbbi olarak yanlış bir şeyi gerçek gibi sunmaz. Klasik TUS bilgisi güncel kaynaklarla çelişiyorsa TUS'un beklediği cevap kartta "klasik bilgiye göre" gibi bir çerçeveyle korunur, güncel bilgi Ek bilgi alanında tek cümleyle verilir; klasik bilgiyi artık hiçbir ders kitabı savunmuyorsa kart güncel bilgiyi öğretir, eski biçim Ek bilgi alanında anılır (TD2). Ders kitapları arasında meşru bir fark varsa yazarın TUS sürümü korunur.
A67: • Emin olunamayan bilgi değiştirilmez: önce araştırılır; araştırmayla çözülemezse 'Doğrulama gerekli' kalemiyle işaretlenir.
A68: • Piyasadan çekilen ilaç karttan silinmez, çünkü TUS hâlâ sorabilir; çekilme yılı karta eklenir (GN1).
A69: • Kaynak uydurulmaz: yalnız gerçekten okunan sayfa veya kesin bilinen ders kitabı anılır; sayfa numarası, baskı, URL veya çalışma uydurulmaz.
A71: 8. Profesyonel kart ölçütleri
A72: • Kart tek başına anlaşılır: yazarın notlarını hiç görmemiş bir TUS adayı ne sorulduğunu bilir; kök ilacı, sınıfı veya konuyu ve sorulan özelliği adlandırır.
A73: • Türkçe ders kitabı dili kullanılır: tam terimler, Türkçe ilaç adları, yalnız standart kısaltmalar.
A74: • Kişisel işaretler kaldırılır: 'önemli', 'zor', 'dikkat', 'çıkmış', '***', '!!!', kişinin kendine sorduğu sorular.
A75: • İlişkiler açık yazılır: → yalnız 'yol açar', 'sonucu' veya 'cevabı' anlamında kullanılır; telgraf üslubundaki zincirler sözcüklerle yazılır.
A76: • Kart kısa kalır: isim öbeği biçiminde kök, kısa satırlar. Açıklama Metin alanına yazılmaz; gerekirse Ek bilgi alanında bir iki kısa cümle olur.
... A89: Sen Türkçe TUS kartlarının kıdemli tıbbi editörüsün. Ekteki çalışma kitabı bu işin örnek uygulamasıdır: 'AI Rehberi' sayfasındaki kurallar sözleşmendir; 'Değişiklikler' sayfasındaki Önce, Sonra, Yapılan değişiklikler, Gerekçe ve AI notu sütunları çalışılmış örneklerdir. Sana vereceğim [DERS ADI] kartlarını aynı yöntemle düzelt. Her not için: (1) değişmez kurallara uy (cloze numaraları, cevap sızıntısı, görsel ve kodlama, geçerli HTML); (2) öncelik sırasıyla tıbbi doğruluk, güncellik, eksik kritik bilgi, soru netliği, yazım, kısaltma, dil bilgisi ve biçimi denetle; (3) emin olmadığın tıbbi bilgiyi değiştirme, güncel kaynaklarla araştır, çözemiyorsan 'Doğrulama gerekli' olarak işaretle; (4) her değişikliği kritiklik düzeyi ve kategorisiyle kaydet, Kritik ve Yüksek kalemlere gerekçe yaz; (5) her nota Ne / Neden / Nasıl [kural kodları] / Kaynak biçiminde AI notu yaz; (6) 'Yazım Birliği' ve 'Kısaltma Sözlüğü' sayfalarını uygula. Çıktıyı bu çalışma kitabının sütunlarıyla ver. Kaynak, sayfa numarası veya çalışma uydurma.

Sheet Değişiklikler
A1: Sıra | B1: Kritiklik | C1: Ders | D1: Konu | E1: Önce | F1: Sonra | G1: Yapılan değişiklikler | H1: Gerekçe (Kritik/Yüksek) | I1: AI notu (ne · neden · nasıl) | J1: Karar | K1: Editör notu | L1: Not tipi | M1: Değişen alan | N1: Not ID
A2: 1 | B2: Kritik | C2: Farmakoloji | D2: Antineoplastik İlaçlar | E2: KardiyoTxk olmayan Antrasiklin: {{c1::Daktinomisin}} | F2: DNA'ya interkale olan, kardiyotoksik olmayan antitümör antibiyotik: {{c1::Daktinomisin}} | G2: • Kritik · Tıbbi doğruluk: "Kardiyotoksik olmayan antrasiklin" → "DNA'ya interkale olan, kardiyotoksik olmayan antitümör antibiyotik" • Orta · Kısaltma: KardiyoTxk → kardiyotoksik | H2: • Tıbbi doğruluk: Daktinomisin (aktinomisin D) antrasiklin değil, kromopeptid yapıda bir antitümör antibiyotiktir; antrasiklinler gibi DNA'ya (guanin-sitozin baz çiftleri arasına) interkale olur ancak kardiyotoksisite yapmaz (Katzung). Kart ilacı yanlış sınıfta öğretiyordu. | I2: Ne: Kökteki "kardiyotoksik olmayan antrasiklin" ifadesi "DNA'ya interkale olan, kardiyotoksik olmayan antitümör antibiyotik" yapıldı; cevap (daktinomisin) değişmedi. Neden: Daktinomisin antrasiklin değil, kromopeptid yapıda bir antitümör antibiyotiktir; eski kök ilacı yanlış sınıfta öğretiyordu. "KardiyoTxk" yazarın kişisel kısaltmasıydı. Nasıl: [TD1, YP1, KS1] Cevap doğru olduğu için korundu, yalnız kökteki yanlış sınıf adı doğru sınıfla değiştirildi ve cevabı ayırt ettiren iki özellik (DNA'ya interkalasyon, kardiyotoksisite yokluğu) kökte bırakıldı; c1 numarası aynı kaldı. Kaynak: Katzung, Basic & Clinical Pharmacology, antitümör antibiyotikler bölümü. | L2: Boşluk doldurma (cloze) | M2: Metin | N2: 1626880744237
A3: 2 | B3: Kritik | C3: Farmakoloji | D3: Antineoplastik İlaçlar | E3: Metin Hemato Zor ilaçlar Spleen Tirozin Kinaz İNH (ITP Tdv) --> {{c1::Fosfamatinib}} HBS polimerizasyon İNH (Orak Hc Anemi Tdv) --> {{c1::Vokselotor}} vWF Antikoru (TTP Tdv) --> {{c1::Kaplasizumab}} Ek bilgi (arka yüz) Kaplasizumab Önemli | F3: Metin Hematoloji ilaçları Dalak tirozin kinaz (SYK) inhibitörü (İTP tedavisi) → {{c1::fostamatinib}} HbS polimerizasyon inhibitörü (orak hücreli anemi tedavisi) → {{c1::vokselotor}} (2024'te piyasadan çekildi) vWF antikoru (TTP tedavisi) → {{c1::kaplasizumab}} Ek bilgi (arka yüz) — | G3: • Kritik · Güncellik: Vokselotora "(2024'te piyasadan çekildi)" eklendi • Orta · Terim/yazım: Fosfamatinib → fostamatinib; Spleen Tirozin Kinaz → Dalak tirozin kinaz (SYK); HBS → HbS • Orta · Kısaltma: İNH → inhibitörü; Tdv → tedavisi; Hc → hücreli • Düşük · Biçim: "Hemato Zor ilaçlar" → "Hematoloji ilaçları"; Extra'daki "Kaplasizumab Önemli" notu kaldırıldı; --> → →; büyük/küçük harf (kodlamadaki kalın "or" korundu); ITP → İTP | H3: • Güncellik: Pfizer, pazarlama sonrası çalışmalarda vazooklüzif kriz ve ölüm sayısındaki artış nedeniyle Eylül 2024'te vokselotoru (Oxbryta) tüm pazarlardan geri çekti; kart ilacı orak hücreli anemide güncel tedavi seçeneği gibi sunuyordu. | I3: Ne: "Hemato Zor ilaçlar" başlığı "Hematoloji ilaçları" yapıldı, kısaltmalar açıldı (İNH → inhibitörü, Tdv → tedavisi), "Fosfamatinib" → "fostamatinib" düzeltildi, vokselotora "(2024'te piyasadan çekildi)" eklendi ve Extra'daki "Kaplasizumab Önemli" notu kaldırıldı. Neden: Başlık ve Extra yazarın kendine aldığı notlardı; vokselotor Eylül 2024'te vazooklüzif kriz ve ölüm artışı nedeniyle tüm pazarlardan çekildiği hâlde kart onu güncel tedavi gibi sunuyordu. Nasıl: [GN1, SN2, KS1, YP3] Çekilen ilaç karttan silinmedi, çünkü TUS hâlâ sorabilir; çekilme bilgisi aynı satıra kalın olarak eklendi. Kodlamanın kalın "or" harfleri korundu, kişisel işaret taşıyan Extra boşaltıldı. Kaynak: Pfizer basın duyurusu (Eylül 2024) ve FDA güvenlik bildirimi (26 Eylül 2024). | L3: Boşluk doldurma (cloze) | M3: Metin + Ek bilgi (arka yüz) | N3: 1630501532743
A4: 3 | B4: Kritik | C4: Farmakoloji | D4: Endokrin ve Metabolizma İlaçları | E4: Metin Obezite Tdv. İlaçları {{c1::Orlistat}} - {{c2::Liraglutid}} - {{c3::Lorcaserin}} (5HT2C agonist)*** - {{c1::Naltrekson}} + {{c2::Bupropion}} - {{c3::Fentermin}} - {{c1::Topiramat}} Ek bilgi (arka yüz) — | F4: Metin Obezite tedavisinde kullanılan ilaçlar {{c1::Orlistat}}, {{c2::liraglutid}}, {{c3::lorkaserin}} (5-HT2C agonisti; 2020'de piyasadan çekildi), {{c1::naltrekson}} + {{c2::bupropion}}, {{c3::fentermin}} + {{c1::topiramat}} Ek bilgi (arka yüz) Güncel seçeneklere semaglutid (2,4 mg) ve tirzepatid de eklenmiştir. | G4: • Kritik · Güncellik: Lorkaserine "2020'de piyasadan çekildi" eklendi • Yüksek · Tıbbi doğruluk: "Fentermin - Topiramat" → "fentermin + topiramat" • Yüksek · Güncellik: Extra'ya semaglutid ve tirzepatid eklendi • Orta · Terim/yazım: Lorcaserin → lorkaserin; 5HT2C → 5-HT2C • Düşük · Biçim: Tdv. → tedavisinde; *** ve &nbsp; kaldırıldı; liste ayracı virgül | H4: • Güncellik: FDA, CAMELLIA-TIMI 61 çalışmasında kanser sıklığı artışı nedeniyle 2020'de lorkaserinin piyasadan çekilmesini istedi; kart ilacı güncel seçenek gibi sunuyordu. • Tıbbi doğruluk: Topiramat obezitede tek başına değil, fenterminle sabit doz kombinasyonu olarak onaylıdır. • Güncellik: Güncel obezite farmakoterapisinin en etkili iki ajanı listede yoktu. | I4: Ne: Başlık "Obezite tedavisinde kullanılan ilaçlar" yapıldı, "Lorcaserin" → "lorkaserin" yazılıp yanına kalın "(5-HT2C agonisti; 2020'de piyasadan çekildi)" eklendi ve "Fentermin - Topiramat" → "fentermin + topiramat" oldu. "***" kaldırıldı, Extra'ya semaglutid (2,4 mg) ile tirzepatid eklendi. Neden: Lorkaserin kanser artışı nedeniyle 2020'de çekildiği hâlde güncel seçenek gibi duruyordu; topiramat obezitede yalnız fenterminle sabit doz kombinasyonu olarak onaylıdır ve en etkili güncel iki ajan listede yoktu. Nasıl: [GN1, EK1, YP1] Çekilen ilaç TUS'ta sorulabildiği için silinmedi, durumu cloze dışına kalın yazıldı; kombinasyonlar "+" ile gösterildi ve c1, c2, c3 numaraları ile dağılımları korundu. Naltrekson + bupropion kombinasyonunun AB ruhsatının sürdüğü doğrulandı. Kaynak: FDA güvenlik bildirimi, 13 Şubat 2020 (lorkaserin, CAMELLIA-TIMI 61); EMA Mysimba EPAR sayfası (ruhsatlı). | L4: Boşluk doldurma (cloze) | M4: Metin + Ek bilgi (arka yüz) | N4: 1604736119248
A5: 4 | B5: Kritik | C5: Farmakoloji | D5: Genel | E5: {{c1::Amanitin}} --> mantar txn'i. 2 hf hiçbşi olmaz. sonra Fulminan KC yet | F5: {{c1::Amanitin}} → mantar toksini; ilk 6–24 saat belirti olmaz, ardından gastroenterit ve 3–5. günde fulminan karaciğer yetmezliği | G5: • Kritik · Tıbbi doğruluk: "2 hf hiçbşi olmaz. sonra Fulminan KC yet" → "ilk 6–24 saat belirti olmaz, ardından gastroenterit ve 3–5. günde fulminan karaciğer yetmezliği" • Orta · Kısaltma: txn → toksini; KC yet → karaciğer yetmezliği; hf (hafta) düzeltilen ifadede kaldırıldı • Düşük · Biçim: --> → →; &nbsp; temizlendi | H5: • Tıbbi doğruluk: Amatoksin zehirlenmesinde belirtisiz dönem 6–24 saattir; ardından şiddetli gastroenterit, yalancı iyileşme ve 3–5. günlerde fulminan karaciğer yetmezliği gelişir. Günler-haftalar süren belirtisiz dönem böbrek yetmezliği yapan orellanin (Cortinarius) zehirlenmesinin özelliğidir. | I5: Ne: "2 hf hiçbşi olmaz. sonra Fulminan KC yet" → "ilk 6–24 saat belirti olmaz, ardından gastroenterit ve 3–5. günde fulminan karaciğer yetmezliği" yapıldı; "txn" ve "KC yet" açıldı. Neden: Kart amatoksin zehirlenmesindeki belirtisiz dönemi iki hafta olarak öğretiyordu; bu dönem saatlerle ölçülür ve karaciğer yetmezliği ilk günler içinde gelişir. Nasıl: [TD1, KS1, YP1] Yanlış süre klinik seyrin üç evresiyle (latent dönem, gastroenterit, karaciğer evresi) değiştirildi; cevap ve c1 cloze'u korundu. Kaynak: Ann Emerg Med 1987, Kuzey Amerika mantar zehirlenmelerinin ayırıcı tanısı (amatoksinde 10–12 saatlik latent dönem); Clin Toxicol 2008 olgu sunumu (8. saatte gastroenterit, 3. günde karaciğer hasarı); Katzung, 13. baskı, zehirlenmiş hasta bölümü. | L5: Boşluk doldurma (cloze) | M5: Metin | N5: 1604664556223
A6: 5 | B6: Kritik | C6: Farmakoloji | D6: Genel | E6: Metin Modafinil --> Direkt etkili {{c1::alfa1}} agonist Ek bilgi (arka yüz) — | F6: Metin Modafinil → {{c1::dopamin ve noradrenalin geri alımını}} inhibe eder Ek bilgi (arka yüz) Eski kaynaklarda direkt etkili alfa-1 agonisti olarak geçer; etki mekanizması tam bilinmemektedir. | G6: • Kritik · Tıbbi doğruluk: "Direkt etkili alfa1 agonist" → "dopamin ve noradrenalin geri alımını inhibe eder"; Extra'ya eski tanım eklendi • Düşük · Biçim: --> → →; &nbsp; temizlendi | H6: • Tıbbi doğruluk: Katzung'a göre modafinilin etki mekanizması tam bilinmez; noradrenalin ve dopamin taşıyıcılarını inhibe eder. FDA etiketine göre dopamin taşıyıcısına bağlanır ve alfa-adrenerjik agonistlere yanıt veren in vitro sistemlerde etkisizdir; uyanıklık etkisinin prazosinle azalması doğrudan alfa-1 agonizmini göstermez. | I6: Ne: "Direkt etkili alfa1 agonist" → "dopamin ve noradrenalin geri alımını inhibe eder" yapıldı ve Extra'ya "Eski kaynaklarda direkt etkili alfa-1 agonisti olarak geçer; etki mekanizması tam bilinmemektedir." eklendi. Neden: Modafinil alfa-1 reseptörüne doğrudan bağlanmaz; uyanıklık etkisinin prazosinle azalması, dopamin geri alımının engellenmesine bağlı dolaylı adrenerjik uyarıyla açıklanır. Kart eski bir varsayımı kesin mekanizma gibi öğretiyordu. Nasıl: [TD2, TD1, YP1] Güncel ders kitabındaki mekanizma karta yazıldı, TUS'un eski soru kalıbını tanıtmak için eski tanım Extra'da tek cümleyle anıldı; tek c1 numarası korunup cevabın içeriği değiştirildi. Kaynak: Katzung, Basic & Clinical Pharmacology, 13. baskı, sempatomimetik ilaçlar bölümü; Provigil (modafinil) FDA etiketi, DailyMed, bölüm 12.1; "Modafinil as a Catecholaminergic Agent" derlemesi (PMC3791559). | L6: Boşluk doldurma (cloze) | M6: Metin + Ek bilgi (arka yüz) | N6: 1604665702981
A7: 6 | B7: Kritik | C7: Farmakoloji | D7: Genel | E7: Rezerpin {{c1::Uptake-1}} ile nörona girer {{c1::Uptake-1}} inh (TCA) --> Rezerpin akt {{c1::azalır }} | F7: Guanetidin {{c1::uptake-1}} ile nörona girer {{c1::Uptake-1}} inhibitörleri (trisiklik antidepresanlar) → guanetidin aktivitesi {{c1::azalır}} | G7: • Kritik · Tıbbi doğruluk: Rezerpin → Guanetidin (iki yerde) • Orta · Kısaltma: inh → inhibitörleri; TCA → trisiklik antidepresanlar; akt → aktivitesi • Düşük · Biçim: --> → →; büyük harfler; &nbsp; temizlendi | H7: • Tıbbi doğruluk: Uptake-1 (NET) ile adrenerjik sinir ucuna taşınan ve bu taşınma etkisi için zorunlu olduğundan trisiklik antidepresanlar ve kokainle etkisi azalan ilaç guanetidindir (Katzung). Rezerpin lipofilik olduğu için membranlardan kendiliğinden geçerek VMAT'ı inhibe eder, uptake-1'e bağımlı değildir; kart iki ilacı karıştırıyordu. | I7: Ne: Kartın öznesi "Rezerpin" → "Guanetidin" yapıldı (iki yerde); "inh (TCA)" → "inhibitörleri (trisiklik antidepresanlar)" ve "akt" → "aktivitesi" açıldı; uptake-1 ve "azalır" cevapları değişmedi. Neden: Etkisi için uptake-1 (NET) ile sinir ucuna girmesi zorunlu olan ve bu yüzden trisiklik antidepresanlarla etkisi azalan ilaç guanetidindir; rezerpin lipofiliktir ve VMAT'ı uptake-1'den bağımsız olarak inhibe eder. Nasıl: [TD1, KS1, YP1] Cevaplar (uptake-1, azalır) doğru olduğu için korundu, yalnız kökteki yanlış ilaç adı değiştirildi; böylece öğrencinin öğrendiği etkileşim doğru ilaca bağlandı ve c1 numarası aynı kaldı. Kaynak: Katzung, Basic & Clinical Pharmacology, 13. baskı, antihipertansif ilaçlar bölümü (guanetidin NET ile taşınır; kokain, amfetamin ve trisiklik antidepresanlar etkisini bloke eder). | L7: Boşluk doldurma (cloze) | M7: Metin | N7: 1604665993718
A8: 7 | B8: Kritik | C8: Farmakoloji | D8: Genel | E8: Metin Amilorid Kullanım END'ları --> {{c1::Li'a bağlı Nef. DI }} / {{c1::Kistik Fibrozis}} Ek bilgi (arka yüz) — | F8: Metin Amilorid kullanım endikasyonları → {{c1::lityuma bağlı nefrojenik diabetes insipidus}} / {{c1::Liddle sendromu}} Ek bilgi (arka yüz) Eski kaynaklarda kistik fibrozis de sayılır; inhale amiloridin kistik fibroziste yararı gösterilmemiştir. | G8: • Kritik · Tıbbi doğruluk: "Kistik Fibrozis" → "Liddle sendromu"; Extra'ya eski bilgi ve güncel kanıt eklendi • Orta · Kısaltma: END → endikasyonları; Li'a bağlı Nef. DI → lityuma bağlı nefrojenik diabetes insipidus • Düşük · Biçim: --> → →; büyük/küçük harf; &nbsp; temizlendi | H8: • Tıbbi doğruluk: Cochrane derlemesine (2014) göre inhale amilorid kistik fibroziste solunum durumunu iyileştirmez ve akciğer fonksiyonunda sınırlı kötüleşme kanıtı vardır; bu kullanım yerleşik bir endikasyon olmamıştır. Katzung'a göre amilorid, spironolaktonun etkisiz olduğu Liddle sendromunda yararlıdır. | I8: Ne: İkinci endikasyon "Kistik Fibrozis" → "Liddle sendromu" yapıldı, Extra'ya "Eski kaynaklarda kistik fibrozis de sayılır; inhale amiloridin kistik fibroziste yararı gösterilmemiştir." eklendi ve "Li'a bağlı Nef. DI" açıldı. Neden: İnhale amiloridin kistik fibrozis denemeleri yarar göstermemiştir ve bu kullanım yerleşik bir endikasyon olmamıştır; kart onu endikasyon gibi öğretiyordu. Ders kitabının saydığı ayırt edici endikasyon Liddle sendromudur. Nasıl: [TD2, TD1, EK2, YP1] İki üyeli liste yapısı ve c1 numarası korundu; yanlış üye, kaynağın aynı ilaç için verdiği tanımlayıcı endikasyonla değiştirildi ve eski bilgi Extra'da tek cümleyle anıldı. Kaynak: Katzung, Basic & Clinical Pharmacology, 13. baskı, diüretikler bölümü (lityuma bağlı poliüri ve Liddle sendromu); Cochrane Database of Systematic Reviews 2014, "Sodium channel blockers for cystic fibrosis". | L8: Boşluk doldurma (cloze) | M8: Metin + Ek bilgi (arka yüz) | N8: 1604668649061
A9: 8 | B9: Kritik | C9: Farmakoloji | D9: Genel | E9: Metin MetilDopa MoA {{c1::DOPA Dekarboksilaz inh }} Ek bilgi (arka yüz) — | F9: Metin Metildopanın etki mekanizması {{c1::Alfa-metilnoradrenaline dönüşür → santral alfa-2 agonisti}} Ek bilgi (arka yüz) Eski kaynaklarda DOPA dekarboksilaz inhibitörü olarak geçer; antihipertansif etkisi bu inhibisyona bağlı değildir. | G9: • Kritik · Tıbbi doğruluk: DOPA Dekarboksilaz inh → Alfa-metilnoradrenaline dönüşür → santral alfa-2 agonisti; Extra'ya eski tanım eklendi • Orta · Soru netliği: MetilDopa MoA → Metildopanın etki mekanizması • Düşük · Biçim: &nbsp; temizlendi | H9: • Tıbbi doğruluk: Metildopa DOPA dekarboksilaz ve dopamin beta-hidroksilazla sırasıyla alfa-metildopamine ve alfa-metilnoradrenaline dönüşür; antihipertansif etkisini alfa-metilnoradrenalinin beyin sapındaki alfa-2 reseptörlerini uyararak sempatik akışı azaltmasıyla gösterir (Katzung). DOPA dekarboksilazı zayıf inhibe etmesi etki mekanizması değildir; klinikte kullanılan DOPA dekarboksilaz inhibitörleri karbidopa ve benseraziddir. | I9: Ne: Cevap "DOPA Dekarboksilaz inh" → "Alfa-metilnoradrenaline dönüşür → santral alfa-2 agonisti" yapıldı, kök "MetilDopa MoA" → "Metildopanın etki mekanizması" oldu ve Extra'ya "Eski kaynaklarda DOPA dekarboksilaz inhibitörü olarak geçer; antihipertansif etkisi bu inhibisyona bağlı değildir." eklendi. Neden: Metildopanın antihipertansif etkisi, metaboliti alfa-metilnoradrenalinin santral alfa-2 reseptörlerini uyarmasından kaynaklanır; kart eski kaynaklardaki enzim inhibisyonu tanımını etki mekanizması gibi öğretiyordu. Nasıl: [TD2, TD1, SN1, YZ1] Güncel mekanizma c1 cevabına yazıldı; dönüşümde iki enzim rol aldığından cevapta enzim adı verilmedi, metabolitin adı kursun "noradrenalin" yazımına uyduruldu ve eski TUS kalıbı Extra'da tek cümleyle anıldı. Kaynak: Katzung, Basic & Clinical Pharmacology, 13. baskı, antihipertansif ilaçlar bölümü; Am J Psychiatry 1983, alfa-metildopa ve depresyon derlemesi (alfa-metildopanın DOPA dekarboksilaz inhibitörü olarak tanımlanması). | L9: Boşluk doldurma (cloze) | M9: Metin + Ek bilgi (arka yüz) | N9: 1604674111739
A10: 9 | B10: Kritik | C10: Farmakoloji | D10: Genel | E10: CxCR4 Antagonisti anemi tedavisinde kullanılan ilaç ---> {{c1::Preliksafor }} | F10: CXCR4 antagonisti, hematopoetik kök hücre mobilizasyonunda kullanılan ilaç → {{c1::pleriksafor}} | G10: • Kritik · Tıbbi doğruluk: "anemi tedavisinde kullanılan" → "hematopoetik kök hücre mobilizasyonunda kullanılan" • Orta · Terim/yazım: Preliksafor → pleriksafor; CxCR4 → CXCR4 • Düşük · Biçim: ---> → →; büyük/küçük harf; &nbsp; temizlendi | H10: • Tıbbi doğruluk: Pleriksafor CXCR4 antagonistidir; kök hücrelerin kemik iliğinden periferik kana geçişini sağlar ve non-Hodgkin lenfoma ile multipl miyelomda otolog nakil öncesi kök hücre toplamak için G-CSF ile birlikte kullanılır. Anemi tedavisinde endikasyonu yoktur. | I10: Ne: Kökteki "anemi tedavisinde kullanılan" → "hematopoetik kök hücre mobilizasyonunda kullanılan" düzeltildi; "Preliksafor" → "pleriksafor", "CxCR4" → "CXCR4" yazıldı. Neden: Pleriksaforun anemide endikasyonu yoktur; kart ilacın kullanım alanını yanlış öğretiyordu. İlaç adında harf yer değiştirmesi, reseptör simgesinde büyük/küçük harf hatası vardı. Nasıl: [TD1, YZ2, KS2] Cevap (pleriksafor) ve mekanizma (CXCR4 antagonizması) doğru olduğu için korundu, yalnız yanlış endikasyon prospektüsteki endikasyonla değiştirildi; yeni endikasyon ifadesi FDA prospektüsüyle doğrulandı. Kaynak: DailyMed, MOZOBIL (pleriksafor) prospektüsü: non-Hodgkin lenfoma ve multipl miyelomda otolog nakil için filgrastimle birlikte kök hücre mobilizasyonu. | L10: Boşluk doldurma (cloze) | M10: Metin | N10: 1604679231221
A11: 10 | B11: Kritik | C11: Farmakoloji | D11: Genel | E11: Metin L-DOPA mide asit salgısını {{c1::ARTIRIR }} Ek bilgi (arka yüz) Ülserli hastaya verme | F11: Metin L-DOPA, peptik ülser öyküsü olan hastada üst GİS kanaması riskini {{c1::artırır}} Ek bilgi (arka yüz) Peptik ülserde dikkatli kullanılır. | G11: • Kritik · Tıbbi doğruluk: "L-DOPA mide asit salgısını ARTIRIR" → "L-DOPA, peptik ülser öyküsü olan hastada üst GİS kanaması riskini artırır"; Extra "Ülserli hastaya verme" → "Peptik ülserde dikkatli kullanılır." • Düşük · Biçim: Cloze içindeki ARTIRIR → artırır; &nbsp; temizlendi | H11: • Tıbbi doğruluk: İnsanda L-DOPA tek başına uyarılmış mide asit salgısını azaltmış, karbidopayla birlikte değiştirmemiştir (Gut 1985); uzun süreli L-DOPA ve dekarboksilaz inhibitörü tedavisinde de asit salgısında değişiklik bulunmamıştır (Eur Neurol 1976). Ürün bilgileri ülserle ilişkili riski üst GİS kanaması olarak tanımlar ve peptik ülser öyküsünü kontrendikasyon değil, dikkat gerektiren durum sayar. | I11: Ne: "L-DOPA mide asit salgısını ARTIRIR" kökü "L-DOPA, peptik ülser öyküsü olan hastada üst GİS kanaması riskini artırır" yapıldı; Extra'daki "Ülserli hastaya verme" notu "Peptik ülserde dikkatli kullanılır." oldu. Neden: İnsan çalışmaları L-DOPA'nın mide asit salgısını artırmadığını gösterir; ürün bilgilerinde ülserle ilgili risk üst GİS kanamasıdır ve peptik ülser kontrendikasyon değil, dikkat gerektiren bir durumdur. Nasıl: [TD1, YP1, EK3] Cevap ("artırır") ve kartın ülser uyarısı korunarak yanlış mekanizma doğru risk ifadesiyle değiştirildi; c1 tek cloze olarak kaldı ve Extra güncel ürün bilgisine göre yazıldı. Aynı ilacın 1604735956639 numaralı kontrendikasyon kartıyla uyum sağlandı. Kaynak: Effect of L-dopa with and without inhibition of extra cerebral dopa decarboxylase on gastric acid secretion and gastrin release in man, Gut 1985 (PubMed 4054700); European Neurology 1976 (PubMed 1253804); Sinemet FDA prospektüsü ve Sinemet İngiltere KÜB (emc), uyarılar bölümleri. | L11: Boşluk doldurma (cloze) | M11: Metin + Ek bilgi (arka yüz) | N11: 1604735922068
A12: 11 | B12: Kritik | C12: Farmakoloji | D12: Genel | E12: Narkolepsi tdv'de kullanılan Hist 3-4 Res Blokörleri (2)----> {{c1::Pitolisant - Tiprolisant}} | F12: Narkolepsi tedavisinde kullanılan H3 reseptör blokörü → {{c1::pitolisant (eski adı tiprolisant)}} | G12: • Kritik · Tıbbi doğruluk: "(2) → Pitolisant - Tiprolisant" → "pitolisant (eski adı tiprolisant)"; sayı kaldırıldı • Yüksek · Tıbbi doğruluk: "Hist 3-4 Res Blokörleri" → "H3 reseptör blokörü" • Orta · Kısaltma: tdv'de → tedavisinde; Hist → H; Res → reseptör • Düşük · Biçim: ----> → →; büyük/küçük harf | H12: • Tıbbi doğruluk: Tiprolisant, pitolisantın (BF2.649) eski adıdır; aynı molekül iki ayrı ilaç gibi sayılıyordu. • Tıbbi doğruluk: Pitolisant seçici H3 reseptör antagonisti/ters agonistidir; H4 reseptörü üzerinden etkisi yoktur. | I12: Ne: "Hist 3-4 Res Blokörleri (2) → Pitolisant - Tiprolisant" → "H3 reseptör blokörü → pitolisant (eski adı tiprolisant)" yapıldı; sayı kaldırıldı ve "tdv'de" → "tedavisinde" açıldı. Neden: Tiprolisant pitolisantın eski adıdır, yani aynı molekül iki ayrı ilaç gibi sayılıyordu; pitolisant H3 reseptörünün antagonisti/ters agonistidir, H4 reseptörü üzerinden etkisi yoktur. Nasıl: [TD1, EK2, KS1] Cevap tek molekül olarak birleştirildi, öğrencinin eski kaynaklarda karşılaşabileceği ad parantezde korundu; iki ayrı ilaç varmış gibi gösteren sayı (2) kaldırıldı ve c1 numarası değişmedi. Kaynak: WAKIX (pitolisant) FDA etiketi, DailyMed (H3 reseptör antagonisti/ters agonisti; narkolepside gündüz aşırı uykululuğu ve katapleksi). | L12: Boşluk doldurma (cloze) | M12: Metin | N12: 1604747625714
A13: 12 | B13: Kritik | C13: Farmakoloji | D13: Genel | E13: RA tdv'de kullanılan Rekomb CTLA - 4 (2)--> {{c1::Abatacept - Belatacept }} | F13: Rekombinant CTLA-4 füzyon proteinleri (2) → {{c1::abatasept (RA), belatasept (böbrek nakli)}} | G13: • Kritik · Tıbbi doğruluk: "RA tdv'de kullanılan" kök ifadesi kaldırıldı; endikasyonlar cevaba eklendi: abatasept (RA), belatasept (böbrek nakli) • Orta · Terim/yazım: Abatacept → abatasept; Belatacept → belatasept • Orta · Kısaltma: Rekomb → rekombinant • Düşük · Biçim: --> → →; liste ayracı virgül; "CTLA - 4" → "CTLA-4"; kalın yazı içindeki boşluk kaldırıldı; &nbsp; temizlendi | H13: • Tıbbi doğruluk: Belatasept RA'da değil, böbrek naklinde rejeksiyon profilaksisinde onaylıdır; RA'da kullanılan CTLA-4-Ig füzyon proteini abatasepttir. | I13: Ne: "RA tdv'de kullanılan" kökü kaldırıldı ve endikasyonlar cevaba eklendi: "abatasept (RA), belatasept (böbrek nakli)"; "Abatacept/Belatacept" → "abatasept/belatasept", "Rekomb" → "rekombinant" yazıldı. Neden: Belatasept RA'da değil, böbrek naklinde organ rejeksiyonu profilaksisinde onaylıdır; eski kök iki ilacı da RA ilacı gibi öğretiyordu. Nasıl: [TD1, YZ2, KS1] Kök iki ilacın ortak özelliğine (rekombinant CTLA-4 füzyon proteini) daraltıldı ve ayırt edici endikasyonlar cevabın içine alındı; yazarın abatasepti kalın yazması, sayı (2) ve c1 numarası korundu. Kaynak: NULOJIX (belatasept) FDA etiketi, DailyMed (böbrek nakli alıcılarında organ rejeksiyonu profilaksisi; CTLA-4 füzyon proteini). | L13: Boşluk doldurma (cloze) | M13: Metin | N13: 1604749989489
... A668: 667 | B668: Düşük | C668: Farmakoloji | D668: Solunum ve Sindirim Sistemi İlaçları | E668: Bronkoselektif antimuskarinik --> {{c1::İpratropium}} Mukosilier Klirensi {{c1::etkilemez}} | F668: Bronkoselektif antimuskarinik → {{c1::ipratropium}} Mukosilier klirensi {{c1::etkilemez}} | G668: • Düşük · Biçim: --> → →; büyük/küçük harf; &nbsp; temizlendi | H668: — | I668: Ne: "-->" oku "→" yapıldı, "İpratropium" ve "Mukosilier Klirensi" küçük harfe çevrildi, &nbsp; temizlendi. Neden: Bilgi doğruydu (ipratropium atropinden farklı olarak mukosilier klirensi baskılamaz); yalnız ok ve büyük harf kullanımı ev stiline uymuyordu. Nasıl: [BÇ1, YP4] Yalnız biçim düzeltildi; ipratropium inhale kuaterner antimuskarinik ilaçların prototipi olduğundan cevap ve iki c1 cloze'u korundu. | L668: Boşluk doldurma (cloze) | M668: Metin | N668: 1608631333779

Sheet Değişiklik Kalemleri
A1: Sıra | B1: Kritiklik | C1: Kategori | D1: Ders | E1: Konu | F1: Değişiklik | G1: Gerekçe | H1: Not ID
A2: 1 | B2: Kritik | C2: Tıbbi doğruluk | D2: Farmakoloji | E2: Antineoplastik İlaçlar | F2: "Kardiyotoksik olmayan antrasiklin" → "DNA'ya interkale olan, kardiyotoksik olmayan antitümör antibiyotik" | G2: Daktinomisin (aktinomisin D) antrasiklin değil, kromopeptid yapıda bir antitümör antibiyotiktir; antrasiklinler gibi DNA'ya (guanin-sitozin baz çiftleri arasına) interkale olur ancak kardiyotoksisite yapmaz (Katzung). Kart ilacı yanlış sınıfta öğretiyordu. | H2: 1626880744237
A3: 4 | B3: Kritik | C3: Tıbbi doğruluk | D3: Farmakoloji | E3: Genel | F3: "2 hf hiçbşi olmaz. sonra Fulminan KC yet" → "ilk 6–24 saat belirti olmaz, ardından gastroenterit ve 3–5. günde fulminan karaciğer yetmezliği" | G3: Amatoksin zehirlenmesinde belirtisiz dönem 6–24 saattir; ardından şiddetli gastroenterit, yalancı iyileşme ve 3–5. günlerde fulminan karaciğer yetmezliği gelişir. Günler-haftalar süren belirtisiz dönem böbrek yetmezliği yapan orellanin (Cortinarius) zehirlenmesinin özelliğidir. | H3: 1604664556223
A4: 5 | B4: Kritik | C4: Tıbbi doğruluk | D4: Farmakoloji | E4: Genel | F4: "Direkt etkili alfa1 agonist" → "dopamin ve noradrenalin geri alımını inhibe eder"; Extra'ya eski tanım eklendi | G4: Katzung'a göre modafinilin etki mekanizması tam bilinmez; noradrenalin ve dopamin taşıyıcılarını inhibe eder. FDA etiketine göre dopamin taşıyıcısına bağlanır ve alfa-adrenerjik agonistlere yanıt veren in vitro sistemlerde etkisizdir; uyanıklık etkisinin prazosinle azalması doğrudan alfa-1 agonizmini göstermez. | H4: 1604665702981
A5: 6 | B5: Kritik | C5: Tıbbi doğruluk | D5: Farmakoloji | E5: Genel | F5: Rezerpin → Guanetidin (iki yerde) | G5: Uptake-1 (NET) ile adrenerjik sinir ucuna taşınan ve bu taşınma etkisi için zorunlu olduğundan trisiklik antidepresanlar ve kokainle etkisi azalan ilaç guanetidindir (Katzung). Rezerpin lipofilik olduğu için membranlardan kendiliğinden geçerek VMAT'ı inhibe eder, uptake-1'e bağımlı değildir; kart iki ilacı karıştırıyordu. | H5: 1604665993718
A6: 7 | B6: Kritik | C6: Tıbbi doğruluk | D6: Farmakoloji | E6: Genel | F6: "Kistik Fibrozis" → "Liddle sendromu"; Extra'ya eski bilgi ve güncel kanıt eklendi | G6: Cochrane derlemesine (2014) göre inhale amilorid kistik fibroziste solunum durumunu iyileştirmez ve akciğer fonksiyonunda sınırlı kötüleşme kanıtı vardır; bu kullanım yerleşik bir endikasyon olmamıştır. Katzung'a göre amilorid, spironolaktonun etkisiz olduğu Liddle sendromunda yararlıdır. | H6: 1604668649061
A7: 8 | B7: Kritik | C7: Tıbbi doğruluk | D7: Farmakoloji | E7: Genel | F7: DOPA Dekarboksilaz inh → Alfa-metilnoradrenaline dönüşür → santral alfa-2 agonisti; Extra'ya eski tanım eklendi | G7: Metildopa DOPA dekarboksilaz ve dopamin beta-hidroksilazla sırasıyla alfa-metildopamine ve alfa-metilnoradrenaline dönüşür; antihipertansif etkisini alfa-metilnoradrenalinin beyin sapındaki alfa-2 reseptörlerini uyararak sempatik akışı azaltmasıyla gösterir (Katzung). DOPA dekarboksilazı zayıf inhibe etmesi etki mekanizması değildir; klinikte kullanılan DOPA dekarboksilaz inhibitörleri karbidopa ve benseraziddir. | H7: 1604674111739
A8: 9 | B8: Kritik | C8: Tıbbi doğruluk | D8: Farmakoloji | E8: Genel | F8: "anemi tedavisinde kullanılan" → "hematopoetik kök hücre mobilizasyonunda kullanılan" | G8: Pleriksafor CXCR4 antagonistidir; kök hücrelerin kemik iliğinden periferik kana geçişini sağlar ve non-Hodgkin lenfoma ile multipl miyelomda otolog nakil öncesi kök hücre toplamak için G-CSF ile birlikte kullanılır. Anemi tedavisinde endikasyonu yoktur. | H8: 1604679231221
A9: 10 | B9: Kritik | C9: Tıbbi doğruluk | D9: Farmakoloji | E9: Genel | F9: "L-DOPA mide asit salgısını ARTIRIR" → "L-DOPA, peptik ülser öyküsü olan hastada üst GİS kanaması riskini artırır"; Extra "Ülserli hastaya verme" → "Peptik ülserde dikkatli kullanılır." | G9: İnsanda L-DOPA tek başına uyarılmış mide asit salgısını azaltmış, karbidopayla birlikte değiştirmemiştir (Gut 1985); uzun süreli L-DOPA ve dekarboksilaz inhibitörü tedavisinde de asit salgısında değişiklik bulunmamıştır (Eur Neurol 1976). Ürün bilgileri ülserle ilişkili riski üst GİS kanaması olarak tanımlar ve peptik ülser öyküsünü kontrendikasyon değil, dikkat gerektiren durum sayar. | H9: 1604735922068
A10: 11 | B10: Kritik | C10: Tıbbi doğruluk | D10: Farmakoloji | E10: Genel | F10: "(2) → Pitolisant - Tiprolisant" → "pitolisant (eski adı tiprolisant)"; sayı kaldırıldı | G10: Tiprolisant, pitolisantın (BF2.649) eski adıdır; aynı molekül iki ayrı ilaç gibi sayılıyordu. | H10: 1604747625714
A11: 12 | B11: Kritik | C11: Tıbbi doğruluk | D11: Farmakoloji | E11: Genel | F11: "RA tdv'de kullanılan" kök ifadesi kaldırıldı; endikasyonlar cevaba eklendi: abatasept (RA), belatasept (böbrek nakli) | G11: Belatasept RA'da değil, böbrek naklinde rejeksiyon profilaksisinde onaylıdır; RA'da kullanılan CTLA-4-Ig füzyon proteini abatasepttir. | H11: 1604749989489
A12: 16 | B12: Kritik | C12: Tıbbi doğruluk | D12: Farmakoloji | E12: Genel | F12: "PDE4 inh (IL -23 baskılar) → Apremilast" → "Topikal PDE4 inhibitörü → krisaborol" | G12: Apremilast oral PDE4 inhibitörüdür ve psöriazis, psöriatik artrit ile Behçet hastalığının oral ülserlerinde onaylıdır, atopik dermatitte onayı yoktur; atopik dermatitte kullanılan PDE4 inhibitörü topikal krisaboroldür (Katzung). Satır psöriazis kartından aktarılmış görünüyor. | H12: 1604757853167
A13: 20 | B13: Kritik | C13: Tıbbi doğruluk | D13: Farmakoloji | E13: Genel | F13: Katepsin B → katepsin K | G13: Odanakatib, osteoklastların tip I kollajeni yıkmak için salgıladığı katepsin K'nın seçici inhibitörüdür; katepsin B inhibitörü değildir. | H13: 1617568171792
... A1767: 177 | B1767: Yüksek | C1767: Yapısal | D1767: Farmakoloji | E1767: Otakoidler ve Antiinflamatuar İlaçlar | F1767: Otakoid tablosundaki aynı tam yanıtların karşılıklı sızması kapatıldı; özgün numaralar korundu. | G1767: Kaynak: | H1767: 1604749354875

Sheet Kısaltma Sözlüğü
A1: Kısaltma sözlüğü
A2: Kartlardaki kişisel kısaltmalar açıldı; herkesçe bilinen standart tıbbi kısaltmalar korundu. Birden fazla anlamı olan kısaltmalar kartın bağlamına göre açıldı.
A4: Açılan kısaltmalar
A5: Kısaltma | B5: Açılımı (bağlama göre)
A6: Send | B6: sendrom(u)
A7: Hc, Hc'li | B7: hücre, hücreli
A8: Hast | B8: hastalık / hastalığı / hasta
A9: Tdv, Tx | B9: tedavi (“PostTx purpura” = posttransfüzyon purpurası)
A10: Dx, Sx, Bx | B10: tanı, semptom, biyopsi (obstetride “Sx açıklık” = serviks açıklığı)
A11: MoA | B11: etki mekanizması
A12: Res | B12: reseptör / rezistans (direnç)
A13: Eks | B13: eksikliği
A14: İnh | B14: inhibitör / inhibisyon / inhibe eder
A15: Akt | B15: aktivasyon / aktive eder / aktivite
A16: KC, AC, Kİ | B16: karaciğer, akciğer, kemik iliği (sinyal yolaklarında AC = adenilat siklaz)
... A52: Feo, Toxo, AdenoV, RhinoV, Hemagg | B52: feokromositoma, toksoplazma, adenovirüs, rinovirüs, hemaglütinin
A54: Korunan standart kısaltmalar
A55: Alan | B55: Kısaltmalar
A56: Moleküler biyoloji | B56: DNA, RNA (mRNA, tRNA, rRNA), ATP, ADP, AMP, GTP, cAMP, cGMP, NAD(H), NADP(H), FAD(H2), CoA (asetil-CoA, HMG-CoA), PCR, ELISA, HLA, MHC, CD belirteçleri, IL-n, TNF-α, IFN-γ, TGF-β, VEGF, PDGF, EGF(R), G proteinleri (Gs, Gi, Gq), gen ve protein sembolleri
A57: Kimyasal semboller | B57: Na, K, Ca²⁺, Mg, Cl, Fe, Cu, Zn, Li, O2, CO2, HCO3, NH3, NO, pH
A58: Hormonlar | B58: TSH, T3, T4, TRH, FSH, LH, GnRH, GH, IGF-1, ACTH, CRH, PRL, ADH, PTH, hCG, DHEA, ANP, BNP, VIP, CGRP, EPO
A59: Laboratuvar | B59: Hb, Hct, MCV, INR, PT, aPTT, CRP, LDH, ALT, AST, ALP, GGT, CK, BUN, GFR, HbA1c, LDL, HDL, AFP, CEA, CA-125, PSA, ANA, ANCA, ASO, VDRL, RPR, FTA-ABS
A60: Görüntüleme ve testler | B60: EKG, EEG, EMG, EKO, TTE, TEE, BT, MR, USG, PET, ERCP, FAST, DPL
A61: Enfeksiyonlar | B61: HIV, HBV, HCV, HAV, HPV, HSV, VZV, CMV, EBV, RSV, HHV-8, HTLV-1, MRSA, VRE, ESBL
A62: Klinik | B62: DM, HT, KAH, KY, KBY, KOAH, ARDS, Mİ, STEMI, NSTEMI, AF, VF, VT, WPW, ASD, VSD, PDA, SLE, RA, FMF, ALS, SMA, AML, ALL, KML, KLL, MDS, İTP, TTP, HÜS, DİK, SIADH, DKA, İYE, ÜSYE, SSS, GİS, KVS, BOS, KİBAS, SVO, MEN, NF1, PKU, GIST, HCC
A63: İlaçlar | B63: NSAİİ, ACE inhibitörü, ARB, SSRI, MAO, 5-FU, 6-MP, MTX, İNH, KOK (kombine oral kontraseptif; kodlamalarda farklı anlamda kullanılabilir)

Sheet Yazım Birliği
A1: Yazım birliği
A2: Bir terim kartlarda tek biçimde yazılır. Türkçe ilaç adları Türkçe prospektüs ve farmakoloji kaynaklarındaki yazımla, genel sözcükler TDK Yazım Kılavuzu'na göre yazılmıştır.
A4: Yazım | B4: Kural ve kullanılmayan biçimler
A5: blokör, blokörü, blokörler (beta blokör, kalsiyum kanal blokörü) | B5: “bloker” yazımı kullanılmaz.
A6: alfa-1, alfa-2, beta-1, beta-2, mü-2 | B6: Reseptör alt tipleri sözcük ve kısa çizgiyle yazılır (alfa1, Beta2, α1, μ2 kullanılmaz). Numarasız kullanımda kısa çizgi yoktur: beta blokör, alfa agonisti.
A7: beta-laktam, beta-laktamaz, beta-alanin, beta-adrenerjik | B7: Bileşik adın parçası olan alfa/beta kısa çizgiyle bağlanır.
A8: TNF-α, IFN-γ, TGF-β, IL-1β, PPAR-γ, PDGFRα, PGF2α | B8: Yunan harfi yalnızca yerleşik molekül simgelerinde kullanılır. İlaç adları sözcükle yazılır: interferon alfa-2b, epoetin alfa.
A9: Mİ, İTP, İV, İM, İNH, İSA, İBS, PPİ, NSAİİ, NRTİ, NNRTİ | B9: Türkçe terimlerin kısaltmaları Türkçe harfle yazılır. Uluslararası simgeler olduğu gibi kalır: SSRI, SNRI, ACE, ARB, HIV, IL-6, IgE.
A10: tiyazid, hidroklorotiyazid, tiyopental, tiyoridazin, tiyoguanin, fenotiyazin, azatiyoprin, izoniyazid, etiyonamid | B10: Türkçe ilaç adlarında ünlüler arasına giren y korunur (tiazid, tiopental, azatioprin kullanılmaz).
A11: atraküryum, mivaküryum, doksaküryum, metokürin, tübokürarin; rokuronyum, vekuronyum | B11: Türkçe ilaç adı yazımı (-kuryum, metokurin, tubokurarin kullanılmaz).
A12: entakapon, telkagepant, bevasizumab, aflibersept, ramusirumab | B12: Türkçe ilaç adı yazımı (entekapon, telcagepant, bevacizumab kullanılmaz).
A13: sülfonamid, sülfadiazin, sülfasalazin, sülfinpirazon | B13: “sulf-” yazımı kullanılmaz.
A14: peptid, nükleotid, nükleozid, trigliserid, aminoglikozid, opioid | B14: Kimyasal adlar -id ile yazılır. Yerleşik -it yazımları korunur: tiroit, aldehit, diazoksit, sporozoit, hipnozoit.
A15: anjiyotensin, anjiyogenez, anjiyoödem, arteriyol, midriyazis, diyare, konvülziyon | B15: anjio-, arteriol, midriazis, diare, konvülsiyon kullanılmaz.
... A19: 6–24 saat, 3–5 kat | B19: Sayı aralıkları boşluksuz uzun çizgiyle yazılır.

Sheet Son Revize
A2: Son Revize — Farmakoloji
A3: 08.10.2026 | 669 not / 827 kart | 6 içerik bulgusu · 3 cevap görünürlüğü sorunu · 2 inceleme adayı · 20 kaynak etiketi eksikliği · 2 düşük/orta öncelikli ek madde = 33 kayıt
A4: Excel içeriği pakete aktarılmış: 667 Excel notunun 666’sı normalize metin olarak eşleşiyor; 1 notta aynı niteleyici yer değiştirmiş. Tüm kartların veri/yapı denetimi; tıbbi kaynak kontrolü riskli gruplarda yapıldı.
A5: Bu sayfa denetim bulguları ve önerileridir; kart düzeltmeleri uygulanmadı. Sarı J–L sütunları bağımsız AI incelemesi içindir. Kaynak etiketi eksikliği tek başına tıbbi hata sayılmaz.
A6: Sıra | B6: Öncelik | C6: Kategori | D6: Not ID | E6: Konu / alan | F6: Mevcut kart (Text / Extra) | G6: Denetim bulgusu / gerekçe | H6: Önerilen işlem (uygulanmadı) | I6: Kaynak / kural | J6: Bağımsız AI kararı | K6: Bağımsız AI gerekçesi / önerisi | L6: İnceleyen AI / tarih
A7: 1 | B7: Yüksek | C7: Soru kökü / içerik | D7: 1624188510902 | E7: İrinotekan / hücre siklusu fazı | F7: Text Kemoterapi ilaçlarının etki ettiği hücre siklusu dönemleri: G1: {{c3::L-asparaginaz}} G1-S: {{c3::etoposid}} G2-M: {{c1::bleomisin}}, {{c1::irinotekan}} M: {{c2::vinkristin}}, {{c2::vinblastin}}, {{c4::paklitaksel}}, {{c4::dosetaksel}}, eribulin, iksabepilon | G7: İrinotekan G2–M satırında. AI notu eski bir faz tablosuyla bunu gerekçelendiriyor; soru kökü klasik kaynak ayrımını belirtmiyor. NCI ilacı S fazına özgü sınıflıyor. | H7: Uygulandı — 09.10.2026. İrinotekan yanlış G2–M satırından S fazına taşındı; aynı tabloda etoposidin G1–S eşlemesi S/G2 olarak düzeltildi. c1–c4 ve diğer ilaçlar korundu. | I7: YP1 / YP2 / TD1 / TD2 https://www.cancer.gov/publications/dictionaries/cancer-drug/def/irinotecan-hydrochloride https://www.cancer.gov/publications/dictionaries/cancer-drug/def/etoposide https://pubmed.ncbi.nlm.nih.gov/7947097/
A8: 2 | B8: Yüksek | C8: Soru kökü / içerik | D8: 1604660192048 | E8: Tamoksifen / CYP2C19 ve CYP2D6 | F8: Text {{c1::CYP2C19}} → tamoksifen ve klopidogrel Hızlı çalışırsa → etkinlikleri {{c1::artar}} Extra (arka yüz) İkisi de ön ilaçtır. Tamoksifeni endoksifene çeviren başlıca enzim CYP2D6'dır. | G8: “CYP2C19 → tamoksifen ve klopidogrel; hızlı çalışırsa etkinlikleri artar.” Arka yüzde tamoksifen için başlıca CYP2D6 bilgisi var. CYP2C19’un metabolizmaya katkısı, klinik etkinlik artışı iddiasını tek başına doğrulamıyor; AI notu da klinik rolün doğrulanmadığını kabul ediyor. | H8: Uygulandı — 09.10.2026. Ortak CYP2C19 ve kesin etkinlik artışı cevabı yerine iki ilacın aktivasyon enzimleri ayrıldı; farmakokinetik ilişki klinik etkinlikle karıştırılmadı. | I8: YP1 / YP2 / TD1 / TD2 https://dailymed.nlm.nih.gov/dailymed/drugInfo.cfm?setid=1e6ff055-590c-41e6-9530-1fdf04cdbd02 https://dailymed.nlm.nih.gov/dailymed/lookup.cfm?setid=de8b0b67-eb25-4684-83b5-7ad785314227
A9: 3 | B9: Yüksek | C9: Soru kökü / içerik | D9: 1614002129079 | E9: Tourette / ilk tercih tedavi | F9: Text Tourette sendromu tedavisi: 1. tercih: {{c1::pimozid}} (3) {{c1::Haloperidol Aripiprazol Klonidin }} Extra (arka yüz) Güncel kılavuzlarda tiklerde ilk basamak davranışsal tedavidir; ilaç gerektiğinde aripiprazol ve alfa-2 agonistleri (klonidin, guanfasin) öne çıkar, pimozid QT uzaması riski nedeniyle EKG izlemi gerektirir. | G9: “Tourette sendromu tedavisi: 1. tercih pimozid.” Arka yüzde güncel basamakların farklı olduğu açıklanıyor; ön yüzde eski sınıflama etiketi yok. AAN, uygun hastada önce CBIT düşünülmesini öneriyor. | H9: Uygulandı — 09.10.2026. Pimozidin koşulsuz birinci tercih olduğu hükmü kaldırıldı; davranışsal tedavinin önceliğiyle uyumlu ilaç örnekleri soruluyor. | I9: YP1 / YP2 / TD1 / TD2 https://www.aan.com/PressRoom/Home/PressRelease/2721
A10: 4 | B10: Yüksek | C10: Soru kökü / içerik | D10: 1622119953089 | E10: Topiramat / inhibisyon ve indüksiyon | F10: Text Antiepileptikler ve enzim inhibisyonu/indüksiyonu Mikrozomal enzim indüksiyonu + glukuronil transferaz indüksiyonu: {{c2::Karbamazepin}}, {{c2::fenobarbital}}, {{c2::fenitoin}}, primidon, rufinamid Sadece glukuronil transferaz indüksiyonu yapan antiepileptik: {{c1::Lamotrijin}} --------------------------- Sadece mikrozomal enzim inhibisyonu: {{c3::topiramat}} Mikrozomal enzim + glukuronil transferaz inhibisyonu: {{c3::valproik asit}} Extra (arka yüz) Klasik antiepileptiklerin çoğu CYP indüksiyonu yapar; CYP inhibisyonu yapanlar topiramat ve valproik asittir. Topiramat 200 mg/gün üzerindeki dozlarda CYP3A4 indüksiyonu yaparak oral kontraseptif etkinliğini azaltır. | G10: Topiramat “sadece mikrozomal enzim inhibisyonu” başlığında; arka yüzde CYP3A4 indüksiyonu yazıyor. AI notu “sadece”yi mikrozomal/UGT ekseniyle açıklasa da inhibisyon/indüksiyon tablosunda bu kapsam görünmüyor. | H10: Uygulandı — 09.10.2026. Topiramatın yalnız inhibisyon yaptığı sınıflama kaldırıldı; iki CYP etkisi ön yüzde ayrı belirtildi. | I10: YP1 / YP2 / TD1 / TD2 https://dailymed.nlm.nih.gov/dailymed/drugInfo.cfm?setid=610d4df7-703f-4070-9adc-3e57ca05a2f1
A11: 5 | B11: Yüksek | C11: Soru kökü / içerik | D11: 1604661687102 | E11: EP3 / G proteini eşleşmesi | F11: Text Gi → 5-HT{{c1::1}} / D{{c2::2-3-4}} / H{{c2::3-4}} / alfa-{{c3::2}} / M{{c4::2-4}} / AT{{c4::2}} / opioid / somatostatin / GABA-{{c5::B}} Gq → 5-HT{{c1::2}} / H{{c2::1}} / V{{c3::1}} / alfa-{{c3::1}} / M{{c4::1-3-5}} / AT{{c4::1}} / EP{{c5::1-3}} / TxA2 Gs → 5-HT{{c1::4-6-7}} / D{{c2::1-5}} / H{{c2::2}} / V{{c3::2}} / beta-{{c4::1-2-3}} / glukagon / EP{{c5::2-3-4}} Extra (arka yüz) EP3 reseptörü başlıca Gi ile eşleşir; bazı izoformları Gs ve Gq ile de eşleşebilir. | G11: EP3, Gq ve Gs satırlarında var; Gi satırında yok. Başlıca Gi eşleşmesi yalnızca arka yüzde. Gs/Gq izoformlarını korumak Gi’nin temel tabloda eksik bırakılmasını çözmüyor. | H11: Uygulandı — 09.10.2026. EP3 için başlıca Gi eşleşmesi ön yüze eklendi; Gq/Gs bağlantıları alternatif izoform kapsamını taşıyor. | I11: YP1 / YP2 / TD1 / TD2 https://bpspubs.onlinelibrary.wiley.com/doi/10.1038/sj.bjp.0706923
A12: 6 | B12: Yüksek | C12: Soru kökü / içerik | D12: 1604660471791 | E12: İNH / asetilasyon ve hepatotoksisite | F12: Text İNH Hızlı asetilleyen → {{c1::toksik metabolit artar → hepatit}} Yavaş asetilleyen → {{c1::İNH artar → B6 azalır → periferik nöropati}} Extra (arka yüz) Klasik bilgi asetilhidrazin artışına dayanır; güncel NAT2 genotip çalışmalarında hepatotoksisite riski yavaş asetilleyicilerde daha yüksek bulunmuştur. | G12: İNH kartı hızlı asetilleyen → hepatit / yavaş asetilleyen → nöropati eşlemesini klasik bilgi etiketi olmadan öğretiyor; arka yüzde yavaş asetilleyicilerde hepatotoksisite riskinin yüksek olduğu yazıyor. | H12: Uygulandı — 09.10.2026. Klinik hepatotoksisite riskini ters öğreten eski metabolit eşlemesi, NAT2 maruziyet/risk ilişkisiyle değiştirildi. | I12: YP1 / YP2 / TD1 / TD2 https://pubmed.ncbi.nlm.nih.gov/39727196/ https://pubmed.ncbi.nlm.nih.gov/3691615/
A13: 7 | B13: Yüksek | C13: Cevap görünürlüğü | D13: 1604673893495 | E13: Beta blokörler / cloze görünürlüğü | F13: Text 3. kuşak beta blokörler (vazodilatör etkili) NO salınımı → {{c1::nebivolol}}, {{c1::seliprolol}}, {{c1::karteolol}}, {{c1::bopindolol}} Beta-2 agonist etki → {{c2::seliprolol}}, {{c2::karteolol}}, {{c2::bopindolol}} Alfa-1 antagonizma → {{c3::karvedilol}}, {{c3::labetalol}} Ca kanalı blokajı → {{c4::karvedilol}} K kanalı aktivasyonu → {{c4::tilisolol}} Antioksidan/antiproliferatif etki → {{c4::karvedilol}} | G13: c1 cevapları seliprolol, karteolol ve bopindolol c2 satırında açık. c3 cevabı karvedilol c4 satırlarından okunabiliyor. Sorun orijinal kaynaktan devralınmış ve revizyonda giderilmemiş. | H13: Uygulandı — 09.10.2026. İlaç adı başka etki/evre satırından okunuyordu; karşılıklı sızıntı mevcut ordinal hedefleri korunarak kapatıldı. | I13: YP1 / YP2 / TD1 / TD2
A14: 8 | B14: Yüksek | C14: Cevap görünürlüğü | D14: 1604674576990 | E14: ARB / cloze görünürlüğü | F14: Text Ön ilaç olan ARB'ler {{c1::Kandesartan}} {{c1::Olmesartan}} {{c1::Azilsartan}} ----------------- Karaciğer ve böbrek yetmezliğinde doz ayarlaması gerekmeyen ARB'ler → {{c2::Olmesartan}}, {{c2::azilsartan}} | G14: c1 gizlenirken olmesartan ve azilsartan c2 satırında açık; c2 gizlenirken aynı ilaçlar c1 satırlarında açık. Sorun orijinal kaynaktan devralınmış ve revizyonda giderilmemiş. | H14: Uygulandı — 09.10.2026. İki görev c1/c2 iç içe gizlemeyle ayrıldı: aktif kartta yalnız ilgili soru gösterilir, diğer görev arka yüzde açılır. İlaç adları karşı satırdan okunmaz; doz kapsamı ABD etiketleriyle sınırlandı. | I14: YP1 / YP2 / TD1 / TD2 https://dailymed.nlm.nih.gov/dailymed/lookup.cfm?setid=e43e5643-b258-469d-812a-887f913cfe71 https://dailymed.nlm.nih.gov/dailymed/drugInfo.cfm?setid=52b27c75-9f5a-4816-bafd-dace9d7d2063
A15: 9 | B15: Yüksek | C15: Cevap görünürlüğü | D15: 1626880283926 | E15: Malarya / primakin görünürlüğü | F15: Text Malarya tedavisi Primer karaciğer evresine etkili ajanlar → {{c1::atovakuon-proguanil}}, {{c1::primakin}} Sporozoitlere etkili ajanlar → {{c2::yok}} Hipnozoitlere etkili ajanlar → {{c2::primakin}} Extra (arka yüz) Hipnozoitlere etkili diğer ilaç: tafenokin | G15: Hipnozoit için c2 cevabı primakin, primer karaciğer evresinin c1 satırında açık. Uygulamanın gerçek soru üretiminde doğrulandı. Sorun orijinal kaynaktan devralınmış ve revizyonda giderilmemiş. | H15: Uygulandı — 09.10.2026. İlaç adı başka etki/evre satırından okunuyordu; karşılıklı sızıntı mevcut ordinal hedefleri korunarak kapatıldı. | I15: YP1 / YP2 / TD1 / TD2
A16: 10 | B16: Orta | C16: İnceleme adayı | D16: 1604749354875 | E16: Otakoidler / karşılaştırmalı tablo | F16: Text Otakoidlerin damar ve düz kas etkileri Histamin → {{c1::vazodilatasyon + diğer düz kaslar kasılır}} Serotonin → {{c1::tüm düz kasları kasar; iskelet kası damarlarını gevşetir}} Anjiyotensin → {{c2::tüm düz kasları kasar}} Endotelin → {{c2::tüm düz kasları kasar}} Bradikinin → {{c3::histamin gibi}} ama arterleri {{c1::gevşetir}} / venleri {{c1::kasar}} P maddesi → {{c3::vazodilatasyon (arter gevşer / ven kasılır) + düz kasları kasar}} PAF → {{c4::vazodilatasyon (pulmoner ve yüksek dozda renal damarları kasar) + diğer düz kasları kasar}} NO → {{c4::tüm düz kasları gevşetir}} ANP / BNP / ürodilatin → {{c5::NO gibi (sadece renal efferent arteriyolü kasar)}} VIP → {{c5::NO gibi}} PGD2 → {{c6::histamin gibi}} PGE → {{c6::NO gibi (ama gebe uterusunu kasar) + diyare + diürez}} PGI2 → {{c7::tüm düz kasları gevşetir}} TxA2 → {{c7::tüm düz kasları kasar}} Lökotrienler → {{c1::tüm düz kasları kasar}} | G16: Aynı cevap ifadeleri başka cloze grubunun açık satırlarında görünüyor; karşılaştırmalı tablo bağlamı nedeniyle kesin bozuk kart sayılmadı. | H16: Uygulandı — 09.10.2026. Otakoid tablosundaki aynı tam yanıtların karşılıklı sızması kapatıldı; özgün numaralar korundu. | I16: YP1 / YP2 / TD1 / TD2
A17: 11 | B17: Orta | C17: İnceleme adayı | D17: 1608632008611 | E17: Ganglion blokajı / karşılaştırmalı tablo | F17: Text Ganglion blokajı sonucu → organın baskın inervasyonunun (sempatik/parasempatik) {{c4::tersi}} etkiler oluşur Baskın inervasyon / ganglion blokajı sonucu Arter: {{c1::sempatik}} / {{c1::hipotansiyon}} Kalp hızı: {{c1::parasempatik}} / {{c1::taşikardi}} İris: {{c2::parasempatik}} / {{c2::midriyazis}} Silier kaslar: {{c2::parasempatik}} / {{c2::siklopleji}} GİS: {{c3::parasempatik}} / {{c3::motilite ve salgılar azalır}} Terleme: {{c3::sempatik}} / {{c3::anhidroz}} Genital: {{c4::sempatik + parasempatik}} / {{c4::ereksiyon ve ejakulasyon inhibisyonu}} | G17: Aynı cevap ifadeleri başka cloze grubunun açık satırlarında görünüyor; karşılaştırmalı tablo bağlamı nedeniyle kesin bozuk kart sayılmadı. | H17: Her ordinalin soru ön yüzünü incele; aynı kelimenin görünmesi ile hedef ilişkinin doğrudan cevaplanmasını ayır. Yalnız gerçek cevap ipucunu gideren, en küçük düzenlemeyi öner. | I17: Excel AI Rehberi: YP1 / YP2; render-verification.json
A18: 12 | B18: Düşük | C18: Kaynak belgelemesi | D18: 1604756357343 | E18: PDGFRα'yı hedefleyen monoklonal antikor → {{c1::olaratumab}} | F18: Text PDGFRα'yı hedefleyen monoklonal antikor → {{c1::olaratumab}} Extra (arka yüz) Sarkom tedavisinde onaylanmıştı; faz 3 çalışmada yarar göstermediği için 2019'da piyasadan çekildi. | G18: Tıbbi/güncellik değişikliği var; AI notunda açık Kaynak: satırı yok. Bu bulgu tıbbi yanlışlık veya kaynaksızlık kanıtı değildir. Değişiklik: Extra'daki "sarkom tdv" → "Sarkom tedavisinde onaylanmıştı; faz 3 çalışmada yarar göstermediği için 2019'da piyasadan çekildi." | H18: Gerekçe/Nasıl içindeki mevcut atıfları kontrol et. Gerçekten okunmuş, değişikliği doğrudan destekleyen kaynağı açık Kaynak: satırında belirt; bulunamıyorsa Ek kaynak gerekli kararı ver. | I18: Excel AI Rehberi: AI notu / Kaynak şartı; ilgili Değişiklikler satırındaki mevcut AI notu
... A39: 33 | B39: Orta | C39: Soru kapsamı | D39: 1604758670384 | E39: IL-5 yolu / üç ilaç kapsamı | F39: Text IL-5 yolunu hedefleyen antikor astım ilaçları (3) → {{c1::mepolizumab, reslizumab, benralizumab}} Extra (arka yüz) Mepolizumab ve reslizumab IL-5'i, benralizumab IL-5 reseptörünün alfa alt birimini bağlar. Aralık 2025'te IL-5'i bağlayan, altı ayda bir uygulanan depemokimab da onaylanmıştır. | G39: Ön yüz (3) ilaç soruyor; arka yüzde onaylı depemokimab da eklenmiş. Güncel grubun tamamı ile üç klasik örnek ayrımı açık değil. Aralık 2025 onayı doğru. | H39: Ön yüzde üç klasik örnek kapsamını açıklaştır veya güncel listeyi öğrenme hedefini koruyarak düzenle. Mevcut üç cloze cevabını sırf grup genişledi diye kaybetme. | I39: SN2 / GN1 / YP1 FDA: https://www.fda.gov/drugs/drug-approvals-and-databases/drug-trials-snapshots-exdensur
A42: Kapsam: Yalnız Farmakoloji. 37 Excel adayı, 5 görünür cevap adayı ve 8 tekrarlanabilir örnek odaklı incelendi. 669 nottaki her tıbbi önerme bağımsız kaynaklarla doğrulanmış değildir.
A43: 37 Kullanıcı Kararı hücresinin boş olması, 37 çözülmemiş tıbbi hata anlamına gelmez. Mevcut patch bazı maddeleri düzeltmiş, bazılarını kaynak/gerekçeyle korumuştur.
A44: Vankomisin membran etkisi kesin hata listesine alınmadı: resmi ürün bilgisi membran geçirgenliği ve RNA sentezindeki değişimi de belirtir. https://dailymed.nlm.nih.gov/dailymed/drugInfo.cfm?setid=33127951-1fad-15c1-e063-6294a90a6996
A45: Varsayılan var(--field-fg) temizliği anlamlı renk kaybı sayılmadı; kelime içindeki kalın mnemoni parçaları yazım hatası sayılmadı. HTML, cloze kümeleri, GUID, kart çalışma verileri ve medya kontrolleri geçti.
A46: Teknik kontrol: npm run quality başarılı; 155 test dosyası / 1643 test. Teknik testler tıbbi içerik doğruluğunu kanıtlamaz. Paket SHA-256: 794bf7d60e3ccf6e55342583097dc89d248894f098dd064a75b6397e509e7ace
A47: Bağımsız inceleme promptu: FARMAKOLOJI_BAGIMSIZ_AI_PROMPT.md. Ayrıntılı denetim: FARMAKOLOJI_DENETIMI.md (outputs/revizyon-denetimi-2026-10-08).

Sheet Son Revize Mikrobiyoloji
A2: Son Revize — Mikrobiyoloji
A3: 08.10.2026 | 587 not / 730 kart | 586 revize, 1 değişmemiş | 21 farklı not için denetim kaydı
A4: 10 içerik/kapsam bulgusu, 5 cevap görünürlüğü sorunu, 4 inceleme adayı, 2 renk ve 3 yazım/kişisel not maddesi. Gruplar örtüşür; sayılar toplanmaz. Tıbbi bilgi kontrolü riskli gruplarda yapıldı.
A5: Öneriler karta/pakete uygulanmadı. Sarı J–L sütunları bağımsız AI incelemesi içindir. Önceki Farmakoloji Son Revize sayfası korunmuştur.
A6: Sıra | B6: Öncelik | C6: Kategori | D6: Not ID | E6: Konu / alan | F6: Mevcut kart (Text / Extra) | G6: Denetim bulgusu / gerekçe | H6: Önerilen işlem (uygulanmadı) | I6: Kaynak / kural | J6: Bağımsız AI kararı | K6: Bağımsız AI gerekçesi / önerisi | L6: İnceleyen AI / tarih
A7: 1 | B7: Kritik | C7: İçerik / ön-arka çelişkisi | D7: 1627303087231 | E7: Gebeliğin ilk trimesterinde sıtma | F7: Text Komplike olmayan P. falciparum sıtmasında 1. trimester gebelikte tercih edilen tedavi: {{c1::Artemeter}} + {{c1::lumefantrin}} Extra (arka yüz) Artemisin kullanılmaz | G7: Ön yüz artemeter + lumefantrine doğru güncellenmiş; Extra’da eski “Artemisin kullanılmaz” ifadesi kalmış. Bu, artemisinin türevi artemeter içeren doğru cevabı geçersiz gösteriyor. | H7: Uygulandı — 09.10.2026. Doğru artemeter-lumefantrin yanıtını geçersiz gösteren eski Extra cümlesi düzeltildi. | I7: YP1 / YP2 / TD1 / TD2 https://www.who.int/publications/i/item/9789240069404
A8: 2 | B8: Kritik | C8: Eksik kritik niteleyici | D8: 1612006124088 | E8: Perinatal HIV / yenidoğan rejimi | F8: Text HIV perinatal profilaksisi Düşük risk (gebelikte kalıcı viral baskılanma): {{c1::2 hafta zidovudin}} Yüksek risk (doğuma yakın viremi veya anne tedavisiz): Yenidoğana doğumdan itibaren {{c2::üçlü antiretroviral tedavi}}: {{c3::zidovudin + lamivudin + dolutegravir}} verilir Emzirme: Ek bebek profilaksisi maternal viral yük ve izleme göre belirlenir Extra (arka yüz) Yüksek riskte üçlü rejim genellikle 2–6 hafta sürer; emzirme sırasında profilaksi ortak kararla bireyselleştirilir. | G8: ZDV + 3TC + DTG, tüm yüksek riskli yenidoğanlara doğumdan itibaren koşulsuz yazılmış. NIH 25.06.2026’da DTG’yi ≥37 hafta ve ≥2 kg bebeklerle sınırlar. Ayrıca üçlü tedavi 2–6 hafta olsa da yüksek riskte ZDV toplam 6 haftaya tamamlanır; Extra bunu söylemiyor. | H8: Uygulandı — 09.10.2026. Dolutegravirli yenidoğan rejimine gestasyon haftası ve kilo koşulu eklendi; ZDV toplam süre kuralı arka yüzde tamamlandı. | I8: YP1 / YP2 / TD1 / TD2 https://clinicalinfo.hiv.gov/en/guidelines/pediatric-arv/management-infants-utero-intrapartum-breastfeeding-hiv-exposure
A9: 3 | B9: Kritik | C9: Yanlış mekanizma | D9: 1611909891157 | E9: Arenavirüs / ambisense RNA | F9: Text Arenavirüsler: Tek iplikli 2 parçalı RNA virüsü {{c1::Ambisense}} RNA: {{c1::1 parça: (-) / 1 parça: (+) polariteli}} Kum (arena) şeklinde {{c1::işlevsel olmayan ribozomları}} vardır {{c2::Lenfositer koryomenenjit virüsü (LCMV)}} ve {{c2::Lassa ateşi virüsü}} | G9: “1 parça (-), 1 parça (+)” ambisense düzenini yanlış açıklıyor. LCMV/Lassa’nın S ve L segmentlerinin her biri karşıt yönlerde kodlayan ORF’ler taşır; biri tamamen negatif, diğeri tamamen pozitif segment değildir. Eski içerik revizyonda korunmuş. | H9: Uygulandı — 09.10.2026. Ambisense düzeninin bir negatif/bir pozitif segment olarak yanlış anlatılması düzeltildi. | I9: YP1 / YP2 / TD1 / TD2 https://ictv.global/report/chapter/arenaviridae/arenaviridae/mammarenavirus
A10: 4 | B10: Orta | C10: Güncellik | D10: 1604343138992 | E10: KKKA / virüs taksonomisi | F10: Text KKKA virüsü → {{c1::Bunyavirales}} takımındaki {{c1::Orthonairovirus}} cinsindendir | G10: Revizyonda “Bunyavirales takımı” güncel ad gibi yazılmış. Mevcut ICTV tablosunda Nairoviridae ailesi Hareavirales takımındadır; Orthonairovirus cinsi doğru. | H10: Uygulandı — 09.10.2026. KKKA için güncel ICTV takım/aile kapsamı soru tarafına taşındı. | I10: YP1 / YP2 / TD1 / TD2 https://ictv.global/report/chapter/nairoviridae/nairoviridae
A11: 5 | B11: Yüksek | C11: Soru kapsamı / üstünlük iddiası | D11: 1621339007631 | E11: Leprada sinir tutulumu | F11: Text Leprada en çok tutulan sinir: N. {{c1::auricularis magnus}} | G11: AI gerekçesi “en sık kutanöz sinir” diyor; ön yüz tüm sinirler için “en çok tutulan” diye soruyor. Klinik serilerde ulnar sinir daha sık bulunmuş. Genel üstünlük iddiası auricularis magnus cevabını desteklemiyor; “TUS Mikrobiyoloji” atfı baskı/sayfa içermiyor. | H11: Auricularis magnus cevabı korunacaksa gerçekten desteklenen kutanöz/klasik kaynak kapsamını soruda belirt ve kesin kaynak ver. Genel sinir sıklığı sorulacaksa uygun kaynak ve ölçüte göre cevaplandır; evrensel sıralama üretme. | I11: EK1 / SN1 / TD2 2022 birincil çalışma, Tablo 5: https://pmc.ncbi.nlm.nih.gov/articles/PMC9553049/ İkinci kohort: https://pubmed.ncbi.nlm.nih.gov/17120509/
A12: 6 | B12: Yüksek | C12: Soru kapsamı / yanlış sıralama | D12: 1604239928715 | E12: Bakteri jenerasyon zamanı | F12: Text Jenerasyon zamanı en uzun bakteri → {{c1::Mycobacterium tuberculosis}} Jenerasyon zamanı en uzun 2. bakteri → {{c1::Brucella}} | G12: M. tuberculosis tüm bakteriler arasında en uzun, Brucella ikinci diye yazılmış. M. leprae için yaklaşık 12 günlük bölünme zamanı gösterildiğinden bu koşulsuz sıralama savunulamaz. “Jenerasyon zamanı” burada teknik terimdir; “kuşak”a mekanik çevrilmemeli. | H12: Koşulsuz birinci/ikinci sıralamasını kaldır. M. tuberculosis ve Brucella’yı korunacak öğrenme hedefine uygun “yavaş çoğalan örnekler” kapsamında sor veya gerçekten karşılaştırılan kültür koşullarını/kaynak tablosunu belirt. c1 korunmalı. | I12: TD1 / EK1 / KS1 Birincil deney, 2018: https://pubmed.ncbi.nlm.nih.gov/30566440/
A13: 7 | B13: Yüksek | C13: Eksik tür kapsamı | D13: 1621454566782 | E13: Burkholderia / doğal direnç | F13: Text Burkholderia türleri: {{c1::Aminoglikozid}} ve {{c1::kolistin}}e doğal dirençlidir | G13: Tüm Burkholderia türleri aminoglikozidlere doğal dirençli deniyor. B. gladioli klinik izolatları çalışmasında aminoglikozid duyarlılığı gösterilmiş; cinsin tamamına genelleme doğru değil. Örneklem kontrolünde bulundu. | H13: Kökü uygun direnç bilgisiyle B. cepacia kompleksine daralt; B. gladioli istisnasını gerektiğinde Extra’da ver. İki c1 ve antibiyotik öğrenme hedefi korunmalı. | I13: TD1 / EK1 Segonds ve ark., 2009 birincil izolat çalışması: https://pubmed.ncbi.nlm.nih.gov/19297595/
A14: 8 | B14: Yüksek | C14: Direnç kapsamı / Cevap görünürlüğü | D14: 1629125686314 | E14: Proteus / imipenem ve kolistin | F14: Text İntrensek imipenem direnci olan enterobakteriler: {{c1::Proteus}} - Morganella - Providencia --------------- İntrensek kolistin direnci olan enterobakteriler: Proteus - Morganella - {{c1::Serratia}} | G14: Proteus–Morganella–Providencia için imipenem doğal direnci koşulsuz yazılmış. EUCAST 16.1 düşük doğal aktivite ve artırılmış maruziyet gereğini belirtir; bu mutlak klinik dirençle aynı değildir. İmipenem bloğunun c1 Proteus cevabı kolistin bloğunda açık. Eski sorundan devralınmış. | H14: Uygulandı — 09.10.2026. Proteus cevabının alt direnç satırında açık kalması aynı c1 ile giderildi; direnç önermelerinin ayrıca kaynakla kapsamlandırılması gerekir. | I14: YP1 / YP2 / TD1 / TD2
A15: 9 | B15: Yüksek | C15: Revizyon gerekçesi / aşırı daraltma / Görünür cevap inceleme adayı | D15: 1604340723705 | E15: Rinovirüs tutunma proteinleri | F15: Text Viral tutunma proteinleri Rinovirüs → {{c1::VP1}} Adenovirüs → {{c2::fiber proteini}} Rotavirüs → {{c3::VP4}} Kuduz → {{c1::G proteini}} HIV → {{c2::gp120}} EBV → {{c3::gp350/gp220}} Kızamık → {{c1::hemaglütinin (H)}} İnfluenza A → {{c2::hemaglütinin}} | G15: VP1-2-3 cevabı VP1’e daraltılırken VP2/VP3’ün reseptör tutunmasına katılmadığı ileri sürülmüş. Rhinovirus 14–ICAM-1 yapısında üç proteinle de doğrudan temas gösterilir. VP1 kısa sınav cevabı olabilir; kaldırılan üyeleri biyolojik olarak yanlış ilan eden gerekçe hatalı. İnfluenza cevabı kızamık satırından okunabilir; protein ortaklığı tek başına virüs ilişkisini kanıtlamaz. Ayrıca eski Hemagg kısaltması iki satırda da vardı; otomatik introduced=true semantik olarak yeni hata kanıtı değildir. | H15: Uygulandı — 09.10.2026. Kızamık ve influenza satırları hemaglütinin yanıtını birbirine göstermiyor. | I15: YP1 / YP2 / TD1 / TD2
A16: 10 | B16: Yüksek | C16: Öğrenme hedefi kaybı / sınıflama / Cevap görünürlüğü | D16: 1607442897224 | E16: Paramiksovirüs ve pnömovirüsler | F16: Text Paramiksovirüsler yüzey glikoproteinleri: Hemaglütinin / nöraminidaz / G glikoproteini: Kabakulak: {{c1::hemaglütinin + nöraminidaz}} Kızamık: {{c1::hemaglütinin}} RSV: {{c1::G glikoproteini}} Metapnömovirüs: {{c1::G glikoproteini}} | G16: Özgün Parainfluenza satırı Metapnömovirüsle değiştirilmiş; patch bunu yalnız kısaltma/biçim temizliği diye kaydediyor. Ayrıca RSV/metapnömovirüs mevcut sınıflamada Pneumoviridae’dedir; kök hepsini Paramiksovirüs diye gösteriyor. Görünür “Hemaglütinin / nöraminidaz / G glikoproteini” listesi gizlenen protein adlarını veriyor. Etken–protein eşleştirmesini tamamen çözmez, ancak doğrudan protein adları gizleme hedefini bozar. Eski +/− tablosunda bu başlık seçenek ekseniydi; yeni sözel cevapta sızıntı oluşuyor. | H16: Uygulandı — 09.10.2026. Sorulan protein adlarını başlıkta açık veren liste kaldırıldı; virüs örnekleri ve c1 korundu. | I16: YP1 / YP2 / TD1 / TD2
A17: 11 | B17: Yüksek | C17: Cevap görünürlüğü | D17: 1604307382326 | E17: Plasmodium falciparum / cevap başlıkta | F17: Text Plasmodium falciparum'un periferik kan yayması bulguları: Muz (hilal) şekilli gametosit → {{c1::Plasmodium falciparum}} Maurer lekeleri → {{c1::Plasmodium falciparum}} Walkman kulaklığı manzarası (eritrositte birden fazla taşlı yüzük) → {{c1::Plasmodium falciparum}} | G17: Revizyonun eklediği başlık “Plasmodium falciparum” cevabını c1 sorusunun ön yüzünde açık yazıyor. Özgün kökte bu başlık yok; yeni cevap görünürlüğü sorunu. | H17: Uygulandı — 09.10.2026. Sorulan etkeni doğrudan veren başlık tarafsızlaştırıldı. | I17: YP1 / YP2 / TD1 / TD2
A18: 12 | B18: Yüksek | C18: Cevap görünürlüğü | D18: 1607367760516 | E18: Kistik fibrozis / S. aureus | F18: Text Kistik fibroziste solunum yolu etkenleri Erken çocuklukta sık görülenler 1- {{c1::S. aureus}} 2- {{c1::H. influenzae}} Yaşla birlikte görülebilenler 1- {{c1::Pseudomonas aeruginosa}} 2- {{c2::S. aureus}} 3- {{c2::Burkholderia}} 4- {{c2::MAC}} Extra (arka yüz) P. aeruginosa iki yaşından önce de edinilebilir; yaş ayrımı kesin eşik değildir. | G18: c1 ve c2 ön yüzlerinde S. aureus diğer gruptan açık okunuyor. Eski sorundan devralınmış. | H18: Uygulandı — 09.10.2026. Kistik fibrozis listesindeki aynı etkenin karşılıklı görünmesi kapatıldı; yaşın kesin eşik olmadığı açıklaması korundu. | I18: YP1 / YP2 / TD1 / TD2
... A27: 21 | B27: Düşük | C27: Kişisel çalışma notu | D27: 1629129436564 | E27: NK hücresi / Extra | F27: Text NK hücresi Fc reseptörü: {{c1::FcγRIII (CD16)}} Extra (arka yüz) TUS sınavında çıkmış önemli soru | G27: Extra’da “TUS sınavında çıkmış önemli soru” kişisel önem etiketi kalmış; tıbbi bilgi eklemiyor. | H27: Yalnız kişisel etiketi kaldır; CD16/FcγRIII cevabını değiştirme. | I27: SN2; AI Rehberi profesyonel kart ölçütleri
A30: Yöntem: 587 notun tamamında yapısal/yazım taraması; 78 tıbbi-güncellik-eksik bilgi revizyonu, 8 görünür cevap adayı ve 8 tekrarlanabilir örnek odaklı içerik okuması. Her tıbbi önerme tek tek kaynakla doğrulanmadı.
A31: Patch sonrası alanlar pakete eşleşiyor; not GUID, cloze numarası kümesi, kart çalışma verileri ve medya korunmuş. Değişmeyen not: 1629124306179, izolasyon görselleri.
A32: 3 notta cloze tekrar sayısı değişmiş (HBV reseptörleri, toksoid aşılar, HIV profilaksisi); numara kümeleri sabit. Doğru içerik düzeltmesi aynı numaranın tekrar sayısını değiştirebilir; bu otomatik veri kaybı değildir.
A33: 12 renk adayı içinden yalnız 2 gerçek #ff3b30 vurgusu kaybı. 10 varsayılan renk temizliği hata sayılmadı. Görsel src tırnak değişimi (1629128118966) aynı dosyayı gösterir; medya kaybı yok.
A34: 19 literal cevap adayı 8 nota/10 ön yüze ait; tekrarlar çıkarıldı. 5 notta doğrudan cevap görünürlüğü, 3 karşılaştırmalı notta bağlama bağlı aday. Otomatik introduced etiketi semantik yeni hata kanıtı değildir.
A35: Kaynaklar 08.10.2026’da kontrol edildi. Teknik kalite önceki turda geçti: 155 test dosyası / 1643 test. Bu tur yalnız rapor/Excel düzenlendi; teknik testler tıbbi doğruluğu kanıtlamaz.
A36: Paket SHA-256: 794bf7d60e3ccf6e55342583097dc89d248894f098dd064a75b6397e509e7ace. Ayrıntılı rapor ve bağımsız AI promptu: MIKROBIYOLOJI_DENETIMI.md / MIKROBIYOLOJI_BAGIMSIZ_AI_PROMPT.md.

Sheet Son Revize Dahiliye
A2: Son Revize — Dahiliye
A3: 08–09.10.2026 | 995 not / 1.183 kart | 995 patch alanı aktarılmış | 87 farklı not için denetim kaydı
A4: 10 içerik/niteleyici, 20 ön/arka kapsam, 7 görünür cevap bulgusu; 17 görünür sözcük adayı, 16 açık tıbbi şüphe, 22 kaynak etiketi maddesi. Gruplar örtüşür; toplamı kesin hata sayısı değildir.
A5: Öneriler karta/pakete uygulanmadı. Sarı J–L bağımsız AI incelemesi içindir. Önceki Farmakoloji ve Mikrobiyoloji sayfaları korunur.
A6: Sıra | B6: Öncelik | C6: Kategori | D6: Not ID | E6: Konu / alan | F6: Mevcut kart (Text / Extra) | G6: Denetim bulgusu / gerekçe | H6: Önerilen işlem (uygulanmadı) | I6: Kaynak / kural | J6: Bağımsız AI kararı | K6: Bağımsız AI gerekçesi / önerisi | L6: İnceleyen AI / tarih
A7: 1 | B7: Kritik | C7: İçerik / niteleyici | D7: 1622986369091 | E7: Diferansiyasyon sendromu / tedavi | F7: Text ATRA alan AML-M3 hastasında: Yüksek ateş + ödem + plevral efüzyon + hipotansiyon + dispne + hipoksi: {{c1::Diferansiyasyon (retinoik asit)}} sendromu Tedavi: {{c1::antrasiklin}} + {{c1::glukokortikoid (deksametazon)}} eklenir Extra (arka yüz) Eski adıyla ATRA sendromu; ağır olguda ATRA geçici olarak kesilir. Lökostaz, hiperlökositozun ayrı bir komplikasyonudur. | G7: Sendrom adı doğru düzeltilmiş, ancak antrasiklin + deksametazon koşulsuz tedavi olarak kalmış. ELN’de erken şüphede deksametazon başlanır; ek sitoredüksiyon belirgin lökosit artışına ve kullanılan rejime bağlıdır. Her sendrom olgusunda antrasiklin zorunlu değildir. | H7: Uygulandı — 09.10.2026. Koşulsuz antrasiklin + steroid yerine erken IV deksametazon ve lökosit/rejim koşullu sitoredüksiyon öğretildi. Ağır olguda ATRA/ATO ara verme kapsamı korundu. | I7: YP1 / YP2 / TD1 / TD2 https://www.leukemia-net.org/sites/leukemia-net/content/e58/e480/e7392/e7396/e11507/SanzMAetal2019_Blood.Managementofacutepromyelocyticleukemia-updatedrecommendationsfromanexpertpaneloftheEuropeanLeukemiaNet.pdf
A8: 2 | B8: Kritik | C8: İçerik / niteleyici | D8: 1605009641509 | E8: Miksödem koması / ısıtma yöntemi | F8: Text Miksödem komasında vücut sıcaklığı < {{c1::30}} °C ise Önce aktif ısıtma yapılır Extra (arka yüz) Daha yüksek sıcaklıkta battaniyeyle pasif ısıtma yeterlidir; dış ısıtma vazodilatasyonla kardiyovasküler kollapsa yol açabilir. | G8: “<30 °C ise önce aktif ısıtma” yöntem belirtmeden yazılmış. Extra dış ısıtmanın kollaps riskini söylüyor. 2026 ortak konsensüsü pasif ısıtmayı önerir, aktif periferik ısıtmayı sakıncalı bulur. Ciddi hipotermide çekirdek ısıtma ile periferik ısıtma aynı işlem değildir; tüm aktif yöntemler yasak diye ters bir genelleme de yapılmamalı. | H8: Uygulandı — 09.10.2026. Yöntemsiz <30 °C ⇒ önce aktif ısıtma kuralı kaldırıldı; 2026 ortak konsensüsünün pasif ısıtma/aktif periferik ısıtmadan kaçınma ayrımı soru tarafına taşındı. c1 kartı korundu. | I8: YP1 / YP2 / TD1 / TD2 https://pmc.ncbi.nlm.nih.gov/articles/PMC13452032/
A9: 3 | B9: Kritik | C9: Ön/arka kapsam uyuşmazlığı | D9: 1604839619628 | E9: Atipik HÜS / ilk tercih | F9: Text Plazmaferezin ilk tercih olduğu hastalıklar (3) → {{c1::atipik HÜS, TTP, Goodpasture sendromu}} Extra (arka yüz) Güncel yaklaşımda atipik HÜS'te ilk tercih kompleman C5 inhibitörüdür (ekulizumab, ravulizumab); plazmaferez tanı netleşene kadar ve anti-faktör H antikorlu olgularda kullanılır. | G9: Ön yüzde plazmaferez ilk tercih; Extra’da C5 inhibitörü ilk tercih ve plazmaferez özel koşullarda. “İlk tercih” çelişkisi ön yüzde çözülmemiş. | H9: Uygulandı — 09.10.2026. Atipik HÜS için ön yüzdeki plazmaferez ilk tercih cevabı, arka açıklamayla uyumlu hedef tedaviye çevrildi. | I9: YP1 / YP2 / TD1 / TD2 https://www.nice.org.uk/guidance/ta710/chapter/3-Committee-discussion
A10: 4 | B10: Kritik | C10: Ön/arka kapsam uyuşmazlığı | D10: 1604958109689 | E10: STEMI eşdeğeri / sol dal bloğu | F10: Text STEMI eşdeğerleri (3) 1) {{c1::Yaygın ST çökmesiyle birlikte aVR'de (tek derivasyonda) ST yükselmesi}} 2) {{c1::Yeni gelişmiş sol dal bloğu}} 3) {{c1::İzole posterior Mİ (V1–V3'te ST çökmesi)}} Extra (arka yüz) Yeni patolojik Q dalgası STEMI eşdeğeri değildir; gelişmiş (oturmuş) enfarktüsün bulgusudur. Güncel ESC kılavuzlarına göre süren iskemi semptomu olan hastada sol dal bloğu, yeni olup olmadığına bakılmaksızın STEMI gibi yönetilir. | G10: Ön yüzde “yeni gelişmiş LBBB” tek başına eşdeğer; Extra’da süren iskemi semptomu koşulu ve yeni/eski ayrımının önemsizliği var. Kritik klinik niteleyici ön yüz cevabına taşınmamış. | H10: Uygulandı — 09.10.2026. Yeni LBBB tek başına STEMI eşdeğeri sayılmadı; süren iskemi koşulu soruya eklendi. | I10: YP1 / YP2 / TD1 / TD2 https://academic.oup.com/eurheartj/article/44/38/3720/7243210
A11: 5 | B11: Yüksek | C11: İçerik / niteleyici | D11: 1619721875288 | E11: SIBO / D-ksiloz ve karoten | F11: Text İnce bağırsakta bakteriyel aşırı çoğalma: Serum karoten ölçümü: {{c1::normal}} D-ksiloz: {{c1::normal}} Extra (arka yüz) Çünkü: İntestinal yüzeyin emilim fonksiyonu normaldir | G11: D-ksiloz her zaman normal deniyor; gerekçe normal mukoza üzerinden kurulmuş. Bakterilerin pentozu metabolize etmesi emilebilen D-ksilozu azaltıp testi anormal yapabilir. Ayrıca yağ malabsorpsiyonu olan SIBO’da karotenin normal olduğu varsayılamaz. Önceki AI notunda şüphe işaretlenmiş, kartta kapanmamış. | H11: Koşulsuz iki “normal” cevabını kaynakla sınırla. D-ksilozun SIBO’da anormal olabileceğini ve mukoza sağlamlığının normal test sonucunu garanti etmediğini yaz; “her zaman anormal” diye değiştirme. Karoteni yağ malabsorpsiyonu/beslenme bağlamıyla doğrula; c1 korunmalı. | I11: TD1 / TD2 / EK1 / SN1 MSD Professional, Diagnosing the cause of malabsorption (D-xylose): https://www.msdmanuals.com/uk/professional/gastrointestinal-disorders/malabsorption-syndromes/overview-of-malabsorption Merck Professional, Mart 2025, yağ malabsorpsiyonu/karoten: https://www.merckmanuals.com/professional/gastrointestinal-disorders/malabsorption-syndromes/overview-of-malabsorption?media=full
A12: 6 | B12: Yüksek | C12: İçerik / niteleyici | D12: 1604989655550 | E12: Miyokardit / troponin özgüllüğü | F12: Text Miyokardit tanısı En duyarlı → 1) {{c1::MR}} 2) {{c1::sintigrafi}} En spesifik → 1) {{c2::miyokard}} biyopsisi 2) {{c2::troponin yükselmesi}} | G12: Troponin miyokardit için ikinci “en spesifik” test olarak koşulsuz sıralanmış. ESC 2025 troponini miyokard hasarı göstergesi ve ek tanı ölçütü olarak kullanır; kesin tanı klinik tablo ile CMR veya EMB kanıtını birleştirir. Kaynaksız duyarlılık/özgüllük sıralaması tanı rollerini karıştırıyor. | H12: Troponinin hasar göstergesi olduğunu belirt; miyokardite özgü ikinci test diye ezberletme. CMR, endomiyokardiyal biyopsi ve biyobelirteçlerin rolünü doğru kapsamda düzenle; sintigrafiye ait sıralamayı da doğrudan kaynakla doğrula. c1/c2 sabit. | I12: TD1 / TD2 / EK1 / SN1 ESC 2025, tanı ölçütleri ve Tablo 4: https://www.escardio.org/static-file/Escardio/Guidelines/Products/Slide%20sets/2025/2025%20official%20slides_MyoPeri.pdf
A13: 7 | B13: Yüksek | C13: İçerik / niteleyici | D13: 1622990307755 | E13: Trombofili araştırması / yaş tek başına | F13: Text İlk tromboz atağı < {{c1::40}} yaşındaki kişilerde: Kalıtsal trombofili araştırılır | G13: İlk tromboz <40 yaş ise kalıtsal trombofili araştırılır biçiminde otomatik karar veriliyor. ASH 2023 testin yönetimi değiştireceği belirli senaryoları ayırır; genç yaş tek başına bütün hastalara test önerisi oluşturmaz. Önceki revizyonda eşik doğrulanamadığı hâlde ön yüz korunmuş. | H13: Klasik eşik gerçekten ders kitabında varsa sürümünü ve tarihsel kapsamını belirt; güncel test kararını olayın tetikleyicisi, aile öyküsü, yerleşimi ve sonucun tedaviye etkisiyle sınırla. “<40 ⇒ mutlaka test” genellemesini kaldır; c1 korunmalı. | I13: TD1 / TD2 / EK1 / SN1 ASH 2023 resmi özet, Thrombophilia Testing, PDF s.11: https://www.hematology.org/-/media/hematology/files/clinicians/guidelines/ash-vte-guidelines_snapshot-set-2023.pdf
A14: 8 | B14: Yüksek | C14: İçerik / niteleyici | D14: 1606678553073 | E14: Çölyak / tedaviden sonra D-ksiloz | F14: Text Çölyak hastalığında tedaviye rağmen {{c1::D-ksiloz absorpsiyon}} testi düzelmez | G14: “Tedaviye rağmen düzelmez” tüm hastalara ve test yöntemlerine genellenmiş. 1996 birincil takip çalışmasında remisyona girenlerin H2 nefes testi normalleşmiş; idrar D-ksilozu yalnız bir bölümünde anormal kalmıştır. Bu çalışma test türlerinin farklı davranabileceğini gösterir, evrensel düzelmeme kuralını desteklemez. | H14: İdrar/plazma/nefes testi ayrımını ve bazı hastalarda sürebilen bozukluğu açıklaştır. Evrensel “düzelmez” yerine doğrudan desteklenen kapsamı kullan; refrakter hastalıkla remisyonu karıştırma. c1 korunmalı. | I14: TD1 / TD2 / EK1 / SN1 Birincil çalışma, 1996, PMID 8888728: https://pubmed.ncbi.nlm.nih.gov/8888728/
A15: 9 | B15: Yüksek | C15: İçerik / niteleyici | D15: 1623656268702 | E15: Nonfonksiyone adenom / tanı testi | F15: Text En sık hipofiz makroadenomu: {{c1::Nonfonksiyone adenom}} {{c1::Nonfonksiyone adenomun}} → En sık köken aldığı hücre grubu: {{c1::gonadotroplar}} Tanı testi: {{c1::TRH stimülasyon}} testi Extra (arka yüz) Tüm hipofiz adenomları içinde en sık olanı prolaktinomadır (%40–57); nonfonksiyone adenomlar ikinci sıradadır (%28–37). | G15: TRH stimülasyonu nonfonksiyone adenomun tek tanı testi gibi gösteriliyor. CNS kılavuzu NFPA değerlendirmesinde ek TRH testinin sınırlı yararını belirtir. Eski gonadotropinoma alfa-alt birim yanıtı çalışması, bütün nonfonksiyone adenomlar için standart tanı testi anlamına gelmez. | H15: TRH yanıtını korunacaksa tarihsel gonadotropinoma/alfa-alt birim kapsamıyla sor. Genel NFPA değerlendirmesini hipofiz görüntülemesi, hormon hipersekresyonu/eksiklik taraması ve gerektiğinde görme alanıyla anlat; doğru gonadotrop köken bilgisini koru. c1 sabit. | I15: TD1 / TD2 / EK1 / SN1 CNS 2016, Pretreatment Endocrine Evaluation: https://www.cns.org/guidelines/management-nonfunctioning-pituitary-adenomas/3-pretreatment-endocrine-evaluation Eski TRH/alfa-SU çalışması: https://pubmed.ncbi.nlm.nih.gov/16335668/
A16: 10 | B16: Yüksek | C16: İçerik / niteleyici / Görünür sözcük inceleme adayı | D16: 1604850094654 | E16: Gebelik / takipne ve hiperventilasyon | F16: Text Gebelikte böbrek değişiklikleri Total plazma hacmi {{c1::artar}} Periferik vasküler direnç (TPR) {{c2::azalır}} GFR %50 {{c1::artar}} BUN ve kreatinin {{c2::düşer}} Glukozüri/aminoasidüri olabilir Plazma osmolalitesi {{c1::düşer}} Ürik asit ve HCO3 {{c2::düşer}} Takipneye bağlı → {{c1::hafif respiratuvar alkaloz}} | G16: Bu kart alkalozu “takipneye bağlı” diyor; aynı revizyonda 1604845306203 doğru biçimde tidal volüm artışını açıklıyor ve solunum sayısının belirgin değişmediğini belirtiyor. Ders içindeki mekanizma düzeltmesi tutarlı uygulanmamış. Literal cevap sözcüğü başka satır/başlık/karşılaştırma ekseninde görünüyor. Hedef sözcük ile hedef ilişkinin çözülmesi aynı değildir; bu tur kesin bozuk kart sayılmadı. İki seçenekli başlıklar ve artar/azalır karşılaştırmaları özellikle bağlama göre değerlendirilmeli. | H16: Uygulandı — 09.10.2026. Takipne mekanizması progesteron/ventilasyon artışıyla düzeltildi; ilişkili 1604845306203 notuyla tutarlı hale getirildi. Diğer renal önermeler bu odak düzeltmeyle yeniden onaylanmış sayılmaz. | I16: YP1 / YP2 / TD1 / TD2 https://pmc.ncbi.nlm.nih.gov/articles/PMC4818213/ https://pubmed.ncbi.nlm.nih.gov/8063358/
A17: 11 | B17: Yüksek | C17: İçerik / niteleyici | D17: 1619078083597 | E17: Polisitemia vera / fibrotik dönüşüm adı | F17: Text Polisitemia vera tedavileri ile gelişim riski azalmayan: {{c1::AML}} {{c1::Primer miyelofibroz}} | G17: PV’nin fibrotik ilerlemesi “Primer miyelofibroz” diye adlandırılmış. ICC primer MF ile PV sonrası MF’yi ayrı tanımlar. Örneklemde bulunan, eski metinden kalan hastalık adı sorunu; tedavinin ilerleme riskine etkisi bu tur ayrıca doğrulanmadı. | H17: Uygulandı — 09.10.2026. PV sonrası miyelofibroz doğru adlandırıldı; tüm tedavilere genellenen ilerleme riski hükmü kaldırıldı. | I17: YP1 / YP2 / TD1 / TD2 https://pmc.ncbi.nlm.nih.gov/articles/pmid/35767897/
A18: 12 | B18: Yüksek | C18: İçerik / niteleyici | D18: 1605016380697 | E18: Metformin / kontrast ve cerrahi | F18: Text Metforminin kontrendike olduğu durumlar (7) {{c1::Böbrek yetmezliği (eGFR < 30)}} Asidoz Unstabil {{c2::konjestif kalp yetmezliği}} {{c1::Karaciğer}} yetmezliği Ciddi hipoksi İV {{c2::radyokontrast ilaç}} {{c2::Cerrahi}} girişim Extra (arka yüz) eGFR 30–45 arasında metformin yeni başlanmaz, kullanan hastada doz azaltılır. | G18: İV radyokontrast ve cerrahi girişim kalıcı/koşulsuz kontrendikasyon gibi listelenmiş. Resmi etiket kontrast için eGFR, karaciğer hastalığı/alkolizm/KY öyküsü veya intraarteriyel uygulama koşullarını ayırır; bu belirli durumlarda geçici kesme kararıdır. | H18: Uygulandı — 09.10.2026. Kontrast ve cerrahi kalıcı kontrendikasyon listesi olmaktan çıkarıldı; risk koşullu geçici kesme ayrıldı. | I18: YP1 / YP2 / TD1 / TD2 https://dailymed.nlm.nih.gov/dailymed/getFile.cfm?setid=c33e24e9-0441-6b94-e053-2a95a90a9c68&type=pdf
... A93: 87 | B93: Düşük | C93: Kaynak belgelemesi | D93: 1605032772499 | E93: Wegener'de (GPA) {{c1::noneroziv}} artrit görülebilir | F93: Text Wegener'de (GPA) {{c1::noneroziv}} artrit görülebilir | G93: Tıbbi/güncellik/eksik bilgi değişikliği kaydı var, AI notunda açık Kaynak: satırı yok. Bu tıbbi yanlışlık veya tüm gerekçenin kaynaksız olduğu anlamına gelmez. Değişiklik: Wegener → Wegener (GPA) | H93: Gerekçe/Nasıl/Extra içindeki gerçek atıfları kontrol et. Değişikliği doğrudan destekleyen, gerçekten okunmuş kaynağı Kaynak: satırında belirt; bulunamıyorsa Ek kaynak gerekli. Kaynak başlığını doldurmak tıbbi onay değildir. | I93: Excel AI Rehberi, AI notu biçimi/Kaynak; ilgili patch kalemi
A96: Yöntem: 995 notun tamamında deterministik yapı/patch taraması. 48 odak, 40 TD2, 24 cevap adayı, 8 örnek, 22 kaynak etiketi ve 10 ek risk okuması; örtüşmelerle 143 farklı notun tam Text/Extra içeriği odaklı okundu.
A97: 304 notun tıbbi/güncellik/eksik kritik bilgi değişiklik açıklamaları topluca incelendi. Her tıbbi önerme tek tek bağımsız kaynakla doğrulanmadı. Ön/arka kapsam bulguları çelişkiyi kanıtlar, Extra’daki her bilgiyi onaylamaz.
A98: 55 literal eşleşme 24 nota / 33 gerçek ön yüze ait; 7 belirgin görünür hedef ve 17 bağlamsal aday ayrıldı. Başlıktaki iki seçenek tek başına hedef ilişkiyi çözmez; adaylar kesin bozuk kart sayılmadı.
A99: 20 mevcut Doğrulama gerekli notunun 4’ü kaynaklı içerik bulgusuna dönüştü, 16’sı açık aday olarak kaldı. SFS tahminle açılmadı; mevcut AI’nın iddiaları bağımsız kanıt kabul edilmedi.
A100: 15 renk değişikliği adayı içinde anlamlı kırmızı vurgu kaybı yok. β4 hemoglobin alt birimi reseptör alt tipi değildir. 4 cloze tekrar sayısı değişmiş olsa da numara kümeleri, GUID, çalışma verileri ve medya korunmuş.
A101: 2 not yalnız HTML/boşluk bakımından değişmiş; 993 not normalize metin değişikliği. Patch after alanları pakete eşleşir. Boş bağımsız AI kararı veya kaynak etiketi eksikliği tek başına tıbbi hata değildir.
A102: Paket SHA-256: 794bf7d60e3ccf6e55342583097dc89d248894f098dd064a75b6397e509e7ace. Önceki npm run quality: 155 dosya / 1643 test geçti; bu tur rapor/Excel dışında ürün davranışı değişmedi.
A103: Ayrıntılı rapor: DAHILIYE_DENETIMI.md. Diğer AI’lar için: DAHILIYE_BAGIMSIZ_AI_PROMPT.md. Kaynaklar 08–09.10.2026’da resmi metin/indeks içerikleriyle kontrol edildi; erişilemeyen tam metin okunmuş sayılmadı.
